Calibration Executive,Calibration
Cal Exec,Calibration
CalExec,Calibration
NI CAN,CAN
NI-CAN,CAN
LIN,CAN
NI-XNET,CAN
XNET,CAN
FLEXRAY,CAN
NI 845X,CAN
NI-845X,CAN
I2C,CAN
SPI,CAN
NI 9852,CAN
NI 9853,CAN
NI 9881,CAN
NI 8531,CAN
NI 8472,CAN
NI 8473,CAN
PCI-CAN,CAN
PXI 8460,CAN
PXI 8461,CAN
PXI 8464,CAN
PXI 8476,CAN
NI 9860,CAN
NI 9861,CAN
NI 9862,CAN
NI 9866,CAN
PCI-8511,CAN
PCI-8512,CAN
PCI-8513,CAN
PCI-8516,CAN
PCI-8517,CAN
PXIe-8510,CAN
PXI-8511,CAN
PXI-8512,CAN
PXI-8513,CAN
PXI-8516,CAN
PXI-8517,CAN
USB 8502,CAN
USB-8451,CAN
USB-8452,CAN
IVN-8561,CAN
NI-9202,CM C Series
NI-9218,CM C Series
NI-9225,CM C Series
NI-9227,CM C Series
NI-9229,CM C Series
NI-9230,CM C Series
NI-9231,CM C Series
NI-9232,CM C Series
NI-9233,CM C Series
NI-9234,DSA HW
NI-9235,CM C Series
NI-9236,CM C Series
NI-9237,CM C Series
NI-9238,CM C Series
NI-9239,CM C Series
NI-9242,CM C Series
NI-9244,CM C Series
NI-9247,CM C Series
NI-9250,CM C Series
NI-9251,CM C Series
NI-9260,CM C Series
NI-9469,CM C Series
NI-9775,CM C Series
NI-9246,CM C Series
FD-11603,CM C Series
FD-11613,CM C Series
FD-11637,CM C Series
NI 9234,DSA HW
Counter/Timer,CounterTimer
Counter,CounterTimer
PCI6601,CounterTimer
PCI6602,CounterTimer
PCI6624,CounterTimer
PCIe6612,CounterTimer
NI 6601,CounterTimer
NI 6602,CounterTimer
NI 6624,CounterTimer
NI 6612,CounterTimer
NI 6602,CounterTimer
NI ,CounterTimer
PXI6624,CounterTimer
PXIe6612,CounterTimer
PXIe6614,CounterTimer
NI 6614,CounterTimer
NI 6608,CounterTimer
PCI-6601,CounterTimer 
PCI-6602,CounterTimer 
PCI-6624,CounterTimer 
PXI-6602,CounterTimer 
PXI-6608,CounterTimer 
PXI-6624,CounterTimer 
PXIe-6612,CounterTimer 
PXIe-6614,CounterTimer 
NB-TIO-10,CounterTimer 
PC-TIO-10,CounterTimer 
DAQEXPRESS,DAQExpress
DAQ EXPRESS,DAQExpress
DAC,DIAdem
Navigator,DIAdem
TDM,DIAdem
DAT,DIAdem
LVM,DIAdem
DATAFINDER,DIAdem
Data Portal,DIAdem
Data Stores,DIAdem
2D axis system,DIAdem
Bode,DIAdem
Orbit,DIAdem
Contour lines,DIAdem
Cascade,DIAdem
Map,DIAdem
3D model,DIAdem
Graphic,DIAdem
Video,DIAdem
Polar,DIAdem
pattern matching,DIAdem
FFT,DIAdem
order tracking,DIAdem
circle regression,DIAdem
waterfall plot,DIAdem
crash analysis toolkit,DIAdem
DAC kit,DIAdem
DAC bundle,DIAdem
Chart wizard,DIAdem
Calculator,DIAdem
Calculation manager,DIAdem
Recording mode,DIAdem
Script,DIAdem
DataPlugin,DIAdem
DFT,DIAdem
curve fitting,DIAdem
curve smoothing,DIAdem
NoValue,DIAdem
Matrix,DIAdem
Triplet,DIAdem
Convex Hull,DIAdem
VISUAL,DIAdem
Unit Catalog,DIAdem
report,DIAdem
DIAdem,DIAdem
Visualization,DIAdem
.DAT,DIAdem
.STL,DIAdem
.WRL,DIAdem
DAT,DIAdem
STL,DIAdem
WRL,DIAdem
DIAdem Connectivity Vis,DIAdem
DIAdem,DIAdem
DIADEM,DIAdem 
DATAFINDER TOOLKIT,DIAdem 
DIADEM CLIP,DIAdem 
DIADEM INSIGHT,DIAdem 
USB-6501,Digital_IO
USB-6509,Digital_IO
USB-6525,Digital_IO
PCI-6503,Digital_IO
PCI-6509,Digital_IO
PCI-6510,Digital_IO
PCI-6511,Digital_IO
PCI-6512,Digital_IO
PCI-6513,Digital_IO
PCI-6514,Digital_IO
PCI-6515,Digital_IO
PCI-6516,Digital_IO
PCI-6517,Digital_IO
PCI-6518,Digital_IO
PCI-6519,Digital_IO
PCI-6520,Digital_IO
PCI-6521,Digital_IO
PCI-6527,Digital_IO
PCI-6528,Digital_IO
PCI-DIO-96,Digital_IO
PXI-6508,Digital_IO
PXI-6509,Digital_IO
PXI-6511,Digital_IO
PXI-6512,Digital_IO
PXI-6513,Digital_IO
PXI-6514,Digital_IO
PXI-6515,Digital_IO
PXI-6521,Digital_IO
PXI-6527,Digital_IO
PXI-6528,Digital_IO
PXI-6529,Digital_IO
AT-DIO-32HS,Digital_IO
DAQCard-6533,Digital_IO
DAQCard-DIO-24,Digital_IO
PC-DIO-24,Digital_IO
PC-DIO-96,Digital_IO
AT-DIO-32F,Digital_IO
BNC-2810,Digital_IO
DAQCard-ER-8,Digital_IO
DAQPad-6507,Digital_IO
DAQPad-6508,Digital_IO
DAQPad-6533,Digital_IO
MC-DIO-24,Digital_IO
MC-DIO-32F,Digital_IO
NB-DIO-24,Digital_IO
NB-DIO-32F,Digital_IO
NB-DIO-96,Digital_IO
PC-ER-8/16,Digital_IO
PC-OPDIO-16,Digital_IO
PCI-6504,Digital_IO
PCI-6525,Digital_IO
PCI-6526,Digital_IO
PCI-6810,Digital_IO
PCMCIA-6830,Digital_IO
PXI-6504,Digital_IO
PXI-6507,Digital_IO
PXI-6525,Digital_IO
PXI-6526,Digital_IO
PXI-6810,Digital_IO
DIGITAL INPUT/OUTPUT,Digital_IO
NI 6501,Digital_IO
NI 6509,Digital_IO
NI 6525,Digital_IO
NI 6503,Digital_IO
NI 6509,Digital_IO
NI 6510,Digital_IO
NI 6511,Digital_IO
NI 6512,Digital_IO
NI 6513,Digital_IO
NI 6514,Digital_IO
NI 6515,Digital_IO
NI 6516,Digital_IO
NI 6517,Digital_IO
NI 6518,Digital_IO
NI 6519,Digital_IO
NI 6520,Digital_IO
NI 6521,Digital_IO
NI 6527,Digital_IO
NI 6528,Digital_IO
NI 6508,Digital_IO
NI 6509,Digital_IO
NI 6511,Digital_IO
NI 6512,Digital_IO
NI 6513,Digital_IO
NI 6514,Digital_IO
NI 6515,Digital_IO
NI 6521,Digital_IO
NI 6527,Digital_IO
NI 6528,Digital_IO
NI 6529,Digital_IO
NI 6504,Digital_IO
NI 6525,Digital_IO
NI 6526,Digital_IO
NI 6810,Digital_IO
NI 6504,Digital_IO
NI 6507,Digital_IO
NI 6525,Digital_IO
NI 6526,Digital_IO
NI 6810,Digital_IO
NI 435X,DMM
NI DMM,DMM
DMM,DMM
PXIE-4082,DMM
PXIE-4081,DMM
PXIE-4080,DMM
PXI-4071,DMM
PXI-4072,DMM
PXI-4070,DMM
PXI-4065,DMM
PXI-4022,DMM
PCI-4070,DMM
PCI-4065,DMM
PCIe-4065,DMM
USB-4065,DMM
PCMCIA-4050,DMM
1394-4351,DMM
CB-27,DMM
CB-68T,DMM
DAQCard-4050,DMM
DAQCard-4350,DMM
DAQPad-4060,DMM
DAQPad-4350,DMM
PCI-4060,DMM
PCI-4350,DMM
PCI-4351,DMM
PXI-4351,DMM
PXI-4022,DMM
TBX-68T,DMM
TC-2190,DMM
USB-4065,DMM
USB-4350,DMM
NI-435X,DMM
NI-DMM,DMM
DIGITAL MULTIMETERS (DMMS),DMM
FLEXDMM,DMM
NIDMM,DMM
DMM SOFT FRONT PANEL,DMM
DYNAMIC SIGNAL ANALYZERS (DSA) AND VIBRATION SENSOR SUITE,DSA HW
DSA,DSA HW
PCI 4451,DSA HW
PCI-4451,DSA HW
USB 4431,DSA HW
PXIe-4481,DSA HW 
PXIe-4480,DSA HW 
PXIe-4463,DSA HW 
PXIe-4464,DSA HW 
PXIe-4499,DSA HW 
PXIe-4498,DSA HW 
PXIe-4497,DSA HW 
PXIe-4496,DSA HW 
PXIe-4492,DSA HW 
PXIe-4610,DSA HW 
PXI-4462,DSA HW 
PXI-4461,DSA HW 
PXI-4498,DSA HW 
PXI-4472,DSA HW 
PXI-4472B,DSA HW 
PCI-4462,DSA HW 
PCI-4461,DSA HW 
PCI-4472,DSA HW 
PCI-4472B,DSA HW 
PCI-4474,DSA HW 
USB-4431,DSA HW 
USB-4432,DSA HW 
PXI-4496,DSA HW 
PXI-4495,DSA HW 
USB-9239,DSA HW 
USB-9233,DSA HW 
USB-9234,DSA HW 
PCI-445x,DSA HW 
cRIO-4408,DSA HW 
AT-A2150,DSA HW 
AT-DSP2200,DSA HW 
BNC-2140,DSA HW 
BNC-2142,DSA HW 
BNC-2144,DSA HW 
EISA-A2000,DSA HW 
NB-A2150,DSA HW 
NB-DMA2800,DSA HW 
OCTAVE,DSA HW 
NI 455X,DSA HW 
PCI-4551,DSA HW 
PCI-4552,DSA HW 
COMPACT FIELDPOINT,FieldPoint
FIELDPOINT FIELDPOINT FIELDPOINT FIELDPOINT FIELDPOINT FIELDPOINT FIELDPOINT FIELDPOINT FIELDPOINT FIELDPOINT FIELDPOINT FIELDPOINT FIELDPOINT,FieldPoint
FP,FieldPoint
CFP,FieldPoint
cFP-2000,FieldPoint
cFP-2010,FieldPoint
cFP-2020,FieldPoint
cFP-2100,FieldPoint
cFP-2110,FieldPoint
cFP-2120,FieldPoint
cFP-2200,FieldPoint
cFP-2210,FieldPoint
"HELLO NI,  I WAS TASKED WITH CONFIRMING THE ACCURACY OF A CFP-AI-118 ATTACHED TO A CFP-2220.  THE SPECIFICATION LISTS A TYPICAL ACCURAY AND A WARRANTED ACCURCY FOR BOTH % OF READING AND % OF FULL SCALE.  THESE SPECS ARE ALSO GIVEN FOR EACH RANGE SETTING FOR THE DEVICE.  I USED A FLUKE CALIBRATOR AND WORKED MY WAY THROUGH THE RANGES TAKING DATA AT THE EXTREMES OF FULL SCALE.  I AM ATTACHING MY RESULTS AS A SPREADSHEET.  MY QUESTION IS WHY IS THE % OF FULL SCALE FAILING WHEN THE % OF READING PASSES?  THE HIGHER RANGES ALL FAIL IN THE % OF FULL SCALE WHILE ALL THE % OF READINGS PASS.  NOT ONLY DOES THE % OF READING PASS BUT IT ALSO CONFIRMS THE TYPICAL ACCURACIES.  SO, HOW DO YOU CALCULATE THE % OF FULL SCALE?  MY FORMULA IS ((ACTUAL-READING)/FULL SCALE)* 100.  AM I MISSING SOME CALCULATION HERE? I DID THIS IN LAB CONDITIONS, WAITED 1 HOUR FOR WARM UP, ETC.  YOU CAN SEE BY THE DATA I TOOK, THAT THE ERROR IN % OF READING WAS ALL GOOD SO WHY IS IT FAILING % OF FULL SCALE?  FOR YOUR RESPONSE, MIKE MARTINO, NORTHROP GRUMMAN NONE  FIELDPOINT",FieldPoint
cFP-AI-100,FieldPoint
cFP-AI-102,FieldPoint
cFP-AI-110,FieldPoint
cFP-AI-111,FieldPoint
cFP-AI-112,FieldPoint
cFP-AI-118,FieldPoint
cFP-AIO-600,FieldPoint
cFP-AIO-610,FieldPoint
cFP-AO-200,FieldPoint
cFP-AO-210,FieldPoint
cFP-BP-4,FieldPoint
cFP-BP-8,FieldPoint
cFP-CB-1,FieldPoint
cFP-CB-2,FieldPoint
cFP-CB-3,FieldPoint
cFP-CB-4,FieldPoint
cFP-CB-11,FieldPoint
cFP-CTR-500,FieldPoint
cFP-CTR-502,FieldPoint
cFP-DI-300,FieldPoint
cFP-DI-301,FieldPoint
cFP-DI-304,FieldPoint
cFP-DI-330,FieldPoint
cFP-DIO-550,FieldPoint
cFP-DO-400,FieldPoint
cFP-DO-401,FieldPoint
cFP-DO-403,FieldPoint
cFP-DO-410,FieldPoint
cFP-PG-522,FieldPoint
cFP-PWM-520,FieldPoint
cFP-QUAD-510,FieldPoint
cFP-RLY-421,FieldPoint
cFP-RLY-423,FieldPoint
cFP-RLY-425,FieldPoint
cFP-RTD-122,FieldPoint
cFP-RTD-124,FieldPoint
cFP-SG-140,FieldPoint
cFP-TC-120,FieldPoint
cFP-TC-125,FieldPoint
cFP-1804,FieldPoint
cFP-1808,FieldPoint
FP-1000,FieldPoint
FP-1001,FieldPoint
FP-1100,FieldPoint
FP-1300,FieldPoint
FP-1600,FieldPoint
FP-1601,FieldPoint
FP-2000,FieldPoint
FP-2010,FieldPoint
FP-2015,FieldPoint
FP-AI-100,FieldPoint
FP-AI-102,FieldPoint
FP-AI-110,FieldPoint
FP-AI-111,FieldPoint
FP-AI-112,FieldPoint
FP-AI-C,FieldPoint
FP-AI-V,FieldPoint
FP-AIO-600,FieldPoint
FP-AIO-610,FieldPoint
FP-AO-200,FieldPoint
FP-AO-210,FieldPoint
FP-AO-C,FieldPoint
FP-AO-V,FieldPoint
FP-CTR-500,FieldPoint
FP-CTR-502,FieldPoint
FP-DI-300,FieldPoint
FP-DI-301,FieldPoint
FP-DI-330,FieldPoint
FP-DI-AC,FieldPoint
FP-DI-DC,FieldPoint
FP-DIO-550,FieldPoint
FP-DO-400,FieldPoint
FP-DO-401,FieldPoint
FP-DO-403,FieldPoint
FP-DO-410,FieldPoint
FP-DO-AC,FieldPoint
FP-DO-DC,FieldPoint
FP-ENC1,FieldPoint
FP-PG-522,FieldPoint
FP-PWM-520,FieldPoint
FP-QUAD-510,FieldPoint
FP-RLY-420,FieldPoint
FP-RLY-422,FieldPoint
FP-RTD-122,FieldPoint
FP-RTD-124,FieldPoint
FP-RTD-PT,FieldPoint
FP-SG-140,FieldPoint
FP-TB-1,FieldPoint
FP-TB-2,FieldPoint
FP-TB-3,FieldPoint
FP-TB-10,FieldPoint
FP-TC-120,FieldPoint
FP-TC-J,FieldPoint
FP-TC-K,FieldPoint
FP-TC-T,FieldPoint
MOXA,FieldPoint
AWK 3121,FieldPoint
FIRST,FIRST (NIC Only)
FRC,FIRST (NIC Only)
ROBORIO,FIRST (NIC Only)
FTC,FIRST (NIC Only)
CAPTAIN,FIRST (NIC Only)
TEAM,FIRST (NIC Only)
SCHOOL,FIRST (NIC Only)
FLEXLOGGER,FlexLogger
NI 9350,Functional Safety
NI 9351,Functional Safety
FUNCTIONAL SAFETY,Functional Safety
SAFETY EDITOR,Functional Safety
NI VISA,GPIB
NI-VISA,GPIB
VISA,GPIB
INSTRUMENT DRIVER,GPIB
IVI DRIVER,GPIB
IVI,GPIB
NI-488.2,GPIB
NI 488.2,GPIB
488.2,GPIB
AT-GPIB/TNT,GPIB
AT-GPIB/TNT PNP,GPIB
AT-GPIB/TNT+,GPIB
EISA-GPIB,GPIB
EXM-GPIB,GPIB
ExpressCard-GPIB,GPIB
GPIB-1014,GPIB
GPIB-1014D,GPIB
GPIB-1014DP,GPIB
GPIB-1014P,GPIB
GPIB-110,GPIB
GPIB-120,GPIB
GPIB-120A,GPIB
GPIB-120B,GPIB
GPIB-1284CT,GPIB
GPIB-130,GPIB
GPIB-1394,GPIB
GPIB-140A,GPIB
GPIB-232CT-A,GPIB
GPIB-232CV-A,GPIB
GPIB-410,GPIB
GPIB-422CV,GPIB
GPIB-485CT-A,GPIB
GPIB-796P,GPIB
GPIB-961P,GPIB
GPIB-BUF,GPIB
GPIB Cables,GPIB
GPIB-ENET,GPIB
GPIB-ENET/100,GPIB
GPIB-ENET/1000,GPIB
GPIB-HP700-EISA,GPIB
GPIB-PCII,GPIB
GPIB-PCIIA,GPIB
GPIB-PRL,GPIB
GPIB-RF,GPIB
GPIB-RS232,GPIB
GPIB-RS485/422,GPIB
GPIB-RS/6000,GPIB
GPIB-SBX,GPIB
GPIB-SCSI,GPIB
GPIB-SCSI-A,GPIB
GPIB-SPRC-B,GPIB
GPIB-SWITCH,GPIB
GPIB-USB-A,GPIB
GPIB-USB-B,GPIB
GPIB-USB-HS,GPIB
GPIB-USB-HS+,GPIB
Instrument Simulator,GPIB
MC-GPIB,GPIB
NAT7210,GPIB
NAT9914,GPIB
NB-GPIB/TNT,GPIB
NEC-GPIB/TNT,GPIB
NEC/TNT PNP,GPIB
NEC/TNT W95,GPIB
PC/104-GPIB,GPIB
PCI-8212,GPIB
PCI-8215,GPIB
PCI-8232,GPIB
PCI-GPIB,GPIB
PCI-GPIB+,GPIB
PCIe-GPIB,GPIB
PCIe-GPIB+,GPIB
PCMCIA-GPIB,GPIB
PCMCIA-GPIB+,GPIB
PMC-GPIB,GPIB
PXI-8212,GPIB
PXI-8232,GPIB
PXI-GPIB,GPIB
TC-GPIB,GPIB
TNT4882,GPIB
TNT5002,GPIB
VME-GPIB,GPIB
GPIB/IEEE 488,GPIB
CB-2162,HighSpeedDigital_IO
SMB-2163,HighSpeedDigital_IO
SMA-2164,HighSpeedDigital_IO
PCI-6541,HighSpeedDigital_IO
PCI-6542,HighSpeedDigital_IO
PCI-6551,HighSpeedDigital_IO
PCI-6552,HighSpeedDigital_IO
PCI-6561,HighSpeedDigital_IO
PCI-6562,HighSpeedDigital_IO
PCI-6533,HighSpeedDigital_IO
PCI-6534,HighSpeedDigital_IO
PCIe-6535,HighSpeedDigital_IO
PCIe-6536,HighSpeedDigital_IO
PCIe-6537,HighSpeedDigital_IO
PXI-6541,HighSpeedDigital_IO
PXI-6542,HighSpeedDigital_IO
PXI-6551,HighSpeedDigital_IO
PXI-6552,HighSpeedDigital_IO
PXI-6561,HighSpeedDigital_IO
PXI-6562,HighSpeedDigital_IO
PXI-6533,HighSpeedDigital_IO
PXI-6534,HighSpeedDigital_IO
PXIe-6535,HighSpeedDigital_IO
PXIe-6536,HighSpeedDigital_IO
PXIe-6537,HighSpeedDigital_IO
PXIe-6544,HighSpeedDigital_IO
PXIe-6545,HighSpeedDigital_IO
PXIe-6547,HighSpeedDigital_IO
PXIe-6548,HighSpeedDigital_IO
PXIe-6555,HighSpeedDigital_IO
PXIe-6556,HighSpeedDigital_IO
PXIe-6570,HighSpeedDigital_IO
NI-653x,HighSpeedDigital_IO
"DIGITAL, HIGH-SPEED",HighSpeedDigital_IO
PCIE 6535,HighSpeedDigital_IO
VHDCI,HighSpeedDigital_IO
INFINIBAND,HighSpeedDigital_IO
653X,HighSpeedDigital_IO
CB-2162,HighSpeedDigital_IO
SMA-2165,HighSpeedDigital_IO
SMA-2164,HighSpeedDigital_IO
SMA-2163,HighSpeedDigital_IO
TB-2715,HighSpeedDigital_IO
SCB-68,HighSpeedDigital_IO
SCB-68A,HighSpeedDigital_IO
HSDIO,HighSpeedDigital_IO
CB-68,HighSpeedDigital_IO
CB-68LP,HighSpeedDigital_IO
CB-68LPR,HighSpeedDigital_IO
TBX-98,HighSpeedDigital_IO
C68-C68-D4,HighSpeedDigital_IO
SCH68-C68-D4,HighSpeedDigital_IO
SHB12X-B12X LVDS,HighSpeedDigital_IO
SH68-68-D1,HighSpeedDigital_IO
PSHR68-68M,HighSpeedDigital_IO
R6868,HighSpeedDigital_IO
PR68-68F,HighSpeedDigital_IO
Mini-SAS HD,HighSpeedDigital_IO
SFP+,HighSpeedDigital_IO
Digital Waveform Editor,HighSpeedDigital_IO
Jitter Analysis Toolkit,HighSpeedDigital_IO
TOUCH PANEL,HMI and Industrial PCs
TOUCH PANEL MODULE,HMI and Industrial PCs
PPC-2015,HMI and Industrial PCs
PPC-2115,HMI and Industrial PCs
TPC-2006,HMI and Industrial PCs
TPC-2012,HMI and Industrial PCs
TPC-2106,HMI and Industrial PCs
TPC-2206,HMI and Industrial PCs
TPC-2212,HMI and Industrial PCs
TPC-2215,HMI and Industrial PCs
TPC-2230,HMI and Industrial PCs
TPC-2512,HMI and Industrial PCs
TPC-2515,HMI and Industrial PCs
NI 3100,HMI and Industrial PCs
NI 3110,HMI and Industrial PCs
NI IMAQ,IMAQ
IMAQ,IMAQ
IMAQdx,IMAQ
IMAQ I/O,IMAQ
Vision Acquistion Software,IMAQ
PCI-1405,IMAQ
PXI-1409,IMAQ
PCI-1410,IMAQ
PCI-1411,IMAQ
PXI-1411,IMAQ
PCI-1422,IMAQ
PCI-1424,IMAQ
PCI-1426,IMAQ
PCIe-1473R,IMAQ
PCIe-1427,IMAQ
NI 1483,IMAQ
PCI-1428,IMAQ
PXI-1428,IMAQ
PCIe-1429,IMAQ
PCIe-1430,IMAQ
PCIe-1433,IMAQ
PXIe-1435,IMAQ
CVS-1454,IMAQ
CVS-1456,IMAQ
CVS-1457RT,IMAQ
CVS-1458RT,IMAQ
CVS-1459RT,IMAQ
EVS-1464RT,IMAQ
IC-3171,IMAQ
IC-3172,IMAQ
IC-3173,IMAQ
NI 1722,IMAQ
NI 1774C,IMAQ
NI 1742,IMAQ
NI 1776,IMAQ
NI 1744,IMAQ
NI 1776C,IMAQ
NI 1762,IMAQ
NI 1778,IMAQ
NI 1764,IMAQ
NI 1772,IMAQ
NI 1772C,IMAQ
NI 1774,IMAQ
PCIE-8231,IMAQ
PCIe-8233,IMAQ
PCIe-8234,IMAQ
PCIe-8235,IMAQ
PCIe-8236,IMAQ
PCIe-8237,IMAQ
PCIe-8242,IMAQ
PCIe-8244,IMAQ
PCI-8252,IMAQ
PXI-8252,IMAQ
PXIe-8253,IMAQ
PCI-8254R,IMAQ
PCIe-8255R,IMAQ
IEEE 1394,IMAQ
GIGE VISION,IMAQ
IMAQ-A2504,IMAQ
IMAQ-A2514,IMAQ
IMAQ-A6825,IMAQ
IMAQ-D100100,IMAQ
IMAQ-D10031,IMAQ
IMAQ-D10044,IMAQ
IMAQ-D10068,IMAQ
IMAQ-D2504,IMAQ
IMAQ-D6804,IMAQ
IMAQ-SCB 68,IMAQ
IMAQ-SCB 100,IMAQ
NI-Vision,IMAQ
PXI-1405,IMAQ
PCI-1407,IMAQ
PXI-1407,IMAQ
PCI-1408,IMAQ
PXI-1408,IMAQ
PCI-1409,IMAQ
PXI-1410,IMAQ
PCI-1412,IMAQ
PXI-1412,IMAQ
PCI-1413,IMAQ
PXI-1413,IMAQ
PXI-1422,IMAQ
CVS-1455,IMAQ
CAMERA LINK,IMAQ
PROFIBUS,Industrial Communications
PROFINET,Industrial Communications
CANopen,Industrial Communications
DeviceNet,Industrial Communications
AS-i,Industrial Communications
HART,Industrial Communications
FOUNDATION FieldBus,Industrial Communications
DNP3,Industrial Communications
EthernetIP,Industrial Communications
IEC 60870-5,Industrial Communications
IEC 61850,Industrial Communications
cRIO EtherCAT Slave,Industrial Communications
PDO Configurator,Industrial Communications
Embedded CAN,Industrial Communications
DNET,Industrial Communications
ETHERCAT,Industrial Communications
NI 9881,Industrial Communications
NI 9882,Industrial Communications
BW 3023,Industrial Communications
AM 9898,Industrial Communications
USB 8486,Industrial Communications
NI 8351,Industrial Communications
PCI 8532,Industrial Communications
PXI 8532,Industrial Communications
CRIO ECAT S,Industrial Communications
NI 9144,Industrial Communications
NI 9145,Industrial Communications
INSIGHTCM,InsightCM
INSIGHT CM,InsightCM
DATA EXPLORER,InsightCM
DATAFINDER,InsightCM
CMS,InsightCM
IOTECH,IOTech Vibration
IOTECH 600,IOTech Vibration
ZONICBOOK,IOTech Vibration
EZ-TOMAS,IOTech Vibration
LabWindows/CVI,LabWindows_CVI
LabWindows/CVI Enterprise Connectivity Toolset,LabWindows_CVI
LabWindows/CVI PID Control Toolkit,LabWindows_CVI
LabWindows/CVI Signal Processing Toolset,LabWindows_CVI
LabWindows/CVI SPC Toolkit,LabWindows_CVI
LabWindows/CVI Real-Time Module,LabWindows_CVI
LABWINDOWS,LabWindows_CVI
CVI,LabWindows_CVI
CONTROL DESIGN AND SIMULATION,LV CD&Sim
ELECTRIC MOTOR SIMULATION,LV CD&Sim
SYSTEM IDENTIFICATION TOOLKIT,LV Controls Add-Ons
PID AND FUZZY LOGIC TOOLKIT,LV Controls Add-Ons
PID TOOLKIT,LV Controls Add-Ons
FUZZY LOGIC,LV Controls Add-Ons
LABVIEW EMBEDDED MODULE,LV Embedded
LV EMBEDDED MODULE,LV Embedded
ADI BLACKFIN,LV Embedded
EMBEDDED MODULE,LV Embedded
LABVIEW C GENERATOR,LV Embedded
MATHSCRIPT,LV MathScript RT
MATHSCRIPT RT,LV MathScript RT
MATH INTERFACE TOOLKIT,LV MathScript RT
NXG,LV NXG
LV NXG,LV NXG
LVNXG,LV NXG
LABVIEW NXG,LV NXG
NI PACKAGE MANAGER,LV NXG
PACKAGE MANAGER,LV NXG
NIPM,LV NXG
LEGO,LV NXT
MINDSTORMS,LV NXT
LV COMMUNICATIONS,LVComms
LVDSC,LVDSC
DSC MODULE,LVDSC
DATALOGGING AND SUPERVISORY,LVDSC
EPICS,LVDSC
CITADEL,LVDSC
LV DSC,LVDSC
MODBUS WITH DSC,LVDSC
LV FPGA,LVFPGA
FPGA,LVFPGA
FPGA MODULE,LVFPGA
LVFPGA,LVFPGA
COMPILE,LVFPGA
CLOUD COMPILE,LVFPGA
COMPILE FARM,LVFPGA
FPGA INTERFACE C,LVFPGA
INTERFACE C API,LVFPGA
IEC 61131,LVFPGA
INTERFACE UTILITY,LVFPGA
RT EXECUTION TRACE TOOLKIT,LVRT
EXECUTION TRACE TOOLKIT,LVRT
REAL TIME,LVRT
REAL-TIME,LVRT
LVRT MODULE,LVRT
LABVIEW RT MODULE,LVRT
LABVIEW REAL TIME MODULE,LVRT
LV RT MODULE,LVRT
LV REAL TIME MODULE,LVRT
LV REAL TIME,LVRT
REAL TIME HYPERVISOR,LVRT
HYPERVISOR,LVRT
RT HYPERVISOR,LVRT
TIMESYNC,LVRT
TIME SYNC,LVRT
NI TIMESYNC,LVRT
LABVIEW DSP,LVRT
DSP MODULE,LVRT
DSP,LVRT
PCI-7030/6040E,LVRT
PCI-7030/6030E,LVRT
PCI-7030/6533,LVRT
PCI-7041/6040E RT,LVRT
PXI-7030/6040E,LVRT
PXI-7030/6030E,LVRT
PXI-7030/6533,LVRT
SPEEDY 33,LVRT
SPEEDY33,LVRT
FPT-1015,LVRT
FPM-1017,LVRT
TSM-1012,LVRT
TSM-1015,LVRT
TSM-1017,LVRT
AMULET,LVRT
TOUCH SCREEN MONITOR,LVRT
NI MOTION,Motion
FLEXMOTION,Motion
VALUEMOTION,Motion
MOTION,Motion
SOFTMOTION,Motion
MOTION CONTROL MODULE,Motion
MOTION ASSISTANT,Motion
MOTION CONTROL OPTION,Motion
NI-MOTION,Motion
PCI-7332,Motion
PCI-7334,Motion
PCI-7390,Motion
PCI-7342,Motion
PCI-7344,Motion
PCI-7352,Motion
PCI-7354,Motion
PCI-7356,Motion
PCI-7358,Motion
PXI-7332,Motion
PXI-7334,Motion
PXI-7342,Motion
PXI-7344,Motion
PXI-7352,Motion
PXI-7354,Motion
PXI-7356,Motion
PXI-7358,Motion
NI 9512,Motion
NI 9501,Motion
NI 9503,Motion
SISU 1004,Motion
NI 9502,Motion
NI 9505,Motion
NI 9514,Motion
NI 9516,Motion
AKM MOTOR,Motion
UMI-7764,Motion
UMI-7772,Motion
UMI-7774,Motion
P70530,Motion
P70360,Motion
MID-7602,Motion
MID-7604,Motion
SMD-7610,Motion
SMD-7611,Motion
SMD-7612,Motion
SMD-7613,Motion
SMD-7614,Motion
SMD-7615,Motion
SMD-7616,Motion
SMD-7620,Motion
SMD-7621,Motion
P7000,Motion
NI 9505,Motion
MID-7652,Motion
MID-7654,Motion
EtherCAT AKD,Motion
Analog AKD,Motion
ENET-7344,Motion
FLEX100,Motion
FW-7344,Motion
MCA-7724,Motion
MOTION 68M-50F,Motion
nuDrive-CF,Motion
nuDrive-CX,Motion
nuDrive-SX,Motion
NU-STEP-PC,Motion
PCI-7314,Motion
PCI-7324,Motion
PCI-FlexMotion,Motion
PCI-Servo,Motion
PCI-Step,Motion
PC-Servo,Motion
PC-Step,Motion
PXI-7314,Motion
PXI-7324,Motion
PXI-STEP,Motion
SHC68,Motion
STEP68-50,Motion
UMI-3A,Motion
UMI-4A,Motion
UMI-Flex,Motion
UMI-7764,Motion
ComponentWorks,MStudioDotNet 
Measurement Studio .NET,MStudioDotNet 
Measurement Studio Automation Symbols Toolkit,MStudioDotNet 
Measurement Studio PID Control Toolkit,MStudioDotNet 
Measurement Studio VisualBasic,MStudioVisualBasic 
Measurement Studio VisualC,MStudioVisualC 
USB-TC01,MultifunctionDAQ
USB-6000,MultifunctionDAQ
USB-6001,MultifunctionDAQ
USB-6002,MultifunctionDAQ
USB-6003,MultifunctionDAQ
USB-6008,MultifunctionDAQ
USB-6009,MultifunctionDAQ
USB-6210,MultifunctionDAQ
USB-6211,MultifunctionDAQ
USB-6212,MultifunctionDAQ
USB-6215,MultifunctionDAQ
USB-6216,MultifunctionDAQ
USB-6218,MultifunctionDAQ
USB-6218,MultifunctionDAQ
USB-6221,MultifunctionDAQ
USB-6225,MultifunctionDAQ
USB-6229,MultifunctionDAQ
USB-6251,MultifunctionDAQ
USB-6255,MultifunctionDAQ
USB-6259,MultifunctionDAQ
USB-6281,MultifunctionDAQ
USB-6341,MultifunctionDAQ
USB-6343,MultifunctionDAQ
USB-6351,MultifunctionDAQ
USB-6353,MultifunctionDAQ
USB-6361,MultifunctionDAQ
USB-6363,MultifunctionDAQ
USB-6356,MultifunctionDAQ
USB-6366,MultifunctionDAQ
PCI-6010,MultifunctionDAQ
PCI-6013,MultifunctionDAQ
PCI-6014,MultifunctionDAQ
PCI-6023E,MultifunctionDAQ
PCI-6024E,MultifunctionDAQ
PCI-6025E,MultifunctionDAQ
PCI-6030E,MultifunctionDAQ
PCI-MIO-16XE-10,MultifunctionDAQ
PCI-6031E,MultifunctionDAQ
PCI-6032E,MultifunctionDAQ
PCI-6033E,MultifunctionDAQ
PCI-6034E,MultifunctionDAQ
PCI-6035E,MultifunctionDAQ
PCI-6036E,MultifunctionDAQ
PCI-6040E,MultifunctionDAQ
PCI-MIO-16E-4,MultifunctionDAQ
PCI-6052E,MultifunctionDAQ
PCI-6070E,MultifunctionDAQ
PCI-MIO-16E-1,MultifunctionDAQ
PCI-6071E,MultifunctionDAQ
PCI-MIO-16XE-50,MultifunctionDAQ
PCI-6110,MultifunctionDAQ
PCI-6111,MultifunctionDAQ
PCI-6115,MultifunctionDAQ
PCI-6120,MultifunctionDAQ
PCI-6122,MultifunctionDAQ
PCI-6123,MultifunctionDAQ
PCI-6132,MultifunctionDAQ
PCI-6133,MultifunctionDAQ
PCI-6143,MultifunctionDAQ
PCI-6154,MultifunctionDAQ
PCI-6220,MultifunctionDAQ
PCI-6221,MultifunctionDAQ
PCI-6224,MultifunctionDAQ
PCI-6225,MultifunctionDAQ
PCI-6229,MultifunctionDAQ
PCI-6230,MultifunctionDAQ
PCI-6232,MultifunctionDAQ
PCI-6233,MultifunctionDAQ
PCI-6236,MultifunctionDAQ
PCI-6238,MultifunctionDAQ
PCI-6239,MultifunctionDAQ
PCI-6250,MultifunctionDAQ
PCI-6251,MultifunctionDAQ
PCIe-6251,MultifunctionDAQ
PCI-6254,MultifunctionDAQ
PCI-6255,MultifunctionDAQ
PCI-6259,MultifunctionDAQ
PCIe-6259,MultifunctionDAQ
PCI-6280,MultifunctionDAQ
PCI-6281,MultifunctionDAQ
PCI-6284,MultifunctionDAQ
PCI-6289,MultifunctionDAQ
PCIe-6320,MultifunctionDAQ
PCIe-6321,MultifunctionDAQ
PCIe-6323,MultifunctionDAQ
PCIe-6341,MultifunctionDAQ
PCIe-6343,MultifunctionDAQ
PCIe-6351,MultifunctionDAQ
PCIe-6353,MultifunctionDAQ
PCIe-6361,MultifunctionDAQ
PCIe-6363,MultifunctionDAQ
PCIe-6374,MultifunctionDAQ
PCIe-6376,MultifunctionDAQ
NI-DAQ,MultifunctionDAQ
NI DAQ,MultifunctionDAQ
NI-DAQMX,MultifunctionDAQ
DAQMX,MultifunctionDAQ
DAQ,MultifunctionDAQ
PCI-6703,MultifunctionDAQ
PCI-6704,MultifunctionDAQ
PCI-6711,MultifunctionDAQ
PCI-6713,MultifunctionDAQ
PCI-6722,MultifunctionDAQ
PCI-6723,MultifunctionDAQ
PCI-6731,MultifunctionDAQ
PCI-6733,MultifunctionDAQ
PCIe-6738,MultifunctionDAQ
PXI-6025E,MultifunctionDAQ
PXI-6030E,MultifunctionDAQ
PXI-6031E,MultifunctionDAQ
PXI-6040E,MultifunctionDAQ
PXI-6052E,MultifunctionDAQ
PXI-6070E,MultifunctionDAQ
PXI-6071E,MultifunctionDAQ
PXI-6115,MultifunctionDAQ
PXI-6120,MultifunctionDAQ
PXI-6122,MultifunctionDAQ
PXI-6123,MultifunctionDAQ
PXIe-6124,MultifunctionDAQ
PXI-6132,MultifunctionDAQ
PXI-6133,MultifunctionDAQ
PXI-6143,MultifunctionDAQ
PXI-6220,MultifunctionDAQ
PXI-6221,MultifunctionDAQ
PXI-6224,MultifunctionDAQ
PXI-6225,MultifunctionDAQ
PXI-6229,MultifunctionDAQ
PXI-6230,MultifunctionDAQ
PXI-6232,MultifunctionDAQ
PXI-6233,MultifunctionDAQ
PXI-6236,MultifunctionDAQ
PXI-6238,MultifunctionDAQ
PXI-6239,MultifunctionDAQ
PXI-6250,MultifunctionDAQ
PXI-6251,MultifunctionDAQ
PXIe-6251,MultifunctionDAQ
PXI-6254,MultifunctionDAQ
PXI-6255,MultifunctionDAQ
PXI-6259,MultifunctionDAQ
PXIe-6259,MultifunctionDAQ
PXI-6280,MultifunctionDAQ
PXI-6281,MultifunctionDAQ
PXI-6284,MultifunctionDAQ
PXI-6289,MultifunctionDAQ
PXIe-6341,MultifunctionDAQ
PXIe-6345,MultifunctionDAQ
PXIe-6355,MultifunctionDAQ
PXIe-6356,MultifunctionDAQ
PXIe-6358,MultifunctionDAQ
PXIe-6361,MultifunctionDAQ
PXIe-6363,MultifunctionDAQ
PXIe-6365,MultifunctionDAQ
PXIe-6366,MultifunctionDAQ
PXIe-6368,MultifunctionDAQ
PXIe-6375,MultifunctionDAQ
PXIe-6376,MultifunctionDAQ
PXIe-6378,MultifunctionDAQ
PXI-6704,MultifunctionDAQ
PXI-6711,MultifunctionDAQ
PXI-6713,MultifunctionDAQ
PXI-6722,MultifunctionDAQ
PXI-6723,MultifunctionDAQ
PXI-6733,MultifunctionDAQ
PXIe-6738,MultifunctionDAQ
PXIe-6739,MultifunctionDAQ
cDAQ-9171,MultifunctionDAQ
cDAQ-9174,MultifunctionDAQ
cDAQ-9178,MultifunctionDAQ
cDAQ-9179,MultifunctionDAQ
cDAQ-9181,MultifunctionDAQ
cDAQ-9184,MultifunctionDAQ
cDAQ-9185,MultifunctionDAQ
cDAQ-9188,MultifunctionDAQ
cDAQ-9189,MultifunctionDAQ
cDAQ-9191,MultifunctionDAQ
cDAQ-9132,MultifunctionDAQ
cDAQ-9133,MultifunctionDAQ
cDAQ-9134,MultifunctionDAQ
cDAQ-9135,MultifunctionDAQ
cDAQ-9137,MultifunctionDAQ
cDAQ-9138,MultifunctionDAQ
cDAQ-9139,MultifunctionDAQ
NI 9201,MultifunctionDAQ
NI 9203,MultifunctionDAQ
NI 9205,MultifunctionDAQ
NI 9206,MultifunctionDAQ
NI 9207,MultifunctionDAQ
NI 9208,MultifunctionDAQ
NI 9209,MultifunctionDAQ
NI 9210,MultifunctionDAQ
NI 9211,MultifunctionDAQ
NI 9212,MultifunctionDAQ
NI 9213,MultifunctionDAQ
NI 9214,MultifunctionDAQ
NI 9215,MultifunctionDAQ
NI 9216,MultifunctionDAQ
NI 9217,MultifunctionDAQ
NI 9219,MultifunctionDAQ
NI 9220,MultifunctionDAQ
NI 9221,MultifunctionDAQ
NI 9222,MultifunctionDAQ
NI 9223,MultifunctionDAQ
NI 9224,MultifunctionDAQ
NI 9226,MultifunctionDAQ
NI 9228,MultifunctionDAQ
NI 9263,MultifunctionDAQ
NI 9264,MultifunctionDAQ
NI 9265,MultifunctionDAQ
NI 9269,MultifunctionDAQ
NI 9375,MultifunctionDAQ
NI 9401,MultifunctionDAQ
NI 9402,MultifunctionDAQ
NI 9403,MultifunctionDAQ
NI 9344,MultifunctionDAQ
NI 9361,MultifunctionDAQ
NI 9411,MultifunctionDAQ
NI 9421,MultifunctionDAQ
NI 9422,MultifunctionDAQ
NI 9423,MultifunctionDAQ
NI 9425,MultifunctionDAQ
NI 9426,MultifunctionDAQ
NI 9435,MultifunctionDAQ
NI 9436,MultifunctionDAQ
NI 9437,MultifunctionDAQ
NI 9472,MultifunctionDAQ
NI 9474,MultifunctionDAQ
NI 9475,MultifunctionDAQ
NI 9476,MultifunctionDAQ
NI 9477,MultifunctionDAQ
NI 9478,MultifunctionDAQ
NI 9481,MultifunctionDAQ
NI 9482,MultifunctionDAQ
NI 9485,MultifunctionDAQ
USB-9162,MultifunctionDAQ
USB-9201,MultifunctionDAQ
USB-9211A,MultifunctionDAQ
USB-9211,MultifunctionDAQ
USB-9215A,MultifunctionDAQ
USB-9215,MultifunctionDAQ
USB-9219,MultifunctionDAQ
USB-9221,MultifunctionDAQ
USB-9229,MultifunctionDAQ
USB-9263,MultifunctionDAQ
USB-9421,MultifunctionDAQ
USB-9472,MultifunctionDAQ
USB-9481,MultifunctionDAQ
WLS-9163,MultifunctionDAQ
WLS-9205,MultifunctionDAQ
WLS-9206,MultifunctionDAQ
WLS-9211,MultifunctionDAQ
WLS-9213,MultifunctionDAQ
WLS-9215,MultifunctionDAQ
WLS-9219,MultifunctionDAQ
WLS-PXI-6529,MultifunctionDAQ
WLS-9421,MultifunctionDAQ
WLS-9472,MultifunctionDAQ
AT-AI-16XE-10,MultifunctionDAQ
AT-MIO-16E-2,MultifunctionDAQ
AT-MIO-16XE-10,MultifunctionDAQ
AT-MIO-16XE-50,MultifunctionDAQ
DAQCard-500,MultifunctionDAQ
DAQCard-6024E,MultifunctionDAQ
DAQCard-6036E,MultifunctionDAQ
DAQCard-6062E,MultifunctionDAQ
DAQCard-6715,MultifunctionDAQ
DAQPad-6015,MultifunctionDAQ
DAQPad-6016,MultifunctionDAQ
DAQPad-6020E,MultifunctionDAQ
PCI-1200,MultifunctionDAQ
PXI-4204,MultifunctionDAQ
PXI-4224,MultifunctionDAQ
RTSI Bus Cables,MultifunctionDAQ
SH68-68-S,MultifunctionDAQ
BNC-2090,MultifunctionDAQ
BNC-2110,MultifunctionDAQ
BNC-2111,MultifunctionDAQ
BNC-2115,MultifunctionDAQ
BNC-2120,MultifunctionDAQ
BNC-2121,MultifunctionDAQ
CB-100,MultifunctionDAQ
CB-50,MultifunctionDAQ
CB-37F-LP,MultifunctionDAQ
CB-50LP,MultifunctionDAQ
CB-68LP,MultifunctionDAQ
CB-68LPR,MultifunctionDAQ
SC-2075,MultifunctionDAQ
SC-2345,MultifunctionDAQ
SC-2350,MultifunctionDAQ
SCB-100,MultifunctionDAQ
SCC-68,MultifunctionDAQ
SCB-68,MultifunctionDAQ
TB-2605,MultifunctionDAQ
TB-2606,MultifunctionDAQ
TB-2621,MultifunctionDAQ
TB-2715,MultifunctionDAQ
TBX-68,MultifunctionDAQ
TBX-68S,MultifunctionDAQ
CF-6004,MultifunctionDAQ
AT PLUS W95,MultifunctionDAQ
AT PLUS WNT,MultifunctionDAQ
AT-6020/OEM1,MultifunctionDAQ
AT-6022E,MultifunctionDAQ
AT-AO-10,MultifunctionDAQ
AT-AO-6,MultifunctionDAQ
AT-MIO-16,MultifunctionDAQ
AT-MIO-16D,MultifunctionDAQ
AT-MIO-16DE-10,MultifunctionDAQ
AT-MIO-16E-1,MultifunctionDAQ
AT-MIO-16E-10,MultifunctionDAQ
AT-MIO-16F-5,MultifunctionDAQ
AT-MIO-16X,MultifunctionDAQ
AT-MIO-64E-3,MultifunctionDAQ
AT-MIO-64F-5,MultifunctionDAQ
BNC-2080,MultifunctionDAQ
BNC-2081,MultifunctionDAQ
CB50-LC,MultifunctionDAQ
CB50-LP,MultifunctionDAQ
DAQCard-1200,MultifunctionDAQ
DAQCard-516,MultifunctionDAQ
DAQCard-700,MultifunctionDAQ
DAQCard-AI-16E-4,MultifunctionDAQ
DAQCard-AI-16XE-50,MultifunctionDAQ
DAQCard-AO-2DC,MultifunctionDAQ
DAQPad-1200,MultifunctionDAQ
DAQPad-6052E,MultifunctionDAQ
DAQPad-6070E,MultifunctionDAQ
DAQPad-6713,MultifunctionDAQ
DAQPad-MIO-16XE-50,MultifunctionDAQ
LAB-LC,MultifunctionDAQ
LAB-NB,MultifunctionDAQ
LAB-PC+,MultifunctionDAQ
LAB-PC-1200,MultifunctionDAQ
LAB-PC-1200AI,MultifunctionDAQ
LAB-SE,MultifunctionDAQ
MC-MIO-16,MultifunctionDAQ
NB-A2000,MultifunctionDAQ
NB-A2100,MultifunctionDAQ
NB-AO-6,MultifunctionDAQ
NB-DSP2300,MultifunctionDAQ
NB-DSP2301,MultifunctionDAQ
NB-DSP2305,MultifunctionDAQ
NB-MIO-16,MultifunctionDAQ
NB-MIO-16X,MultifunctionDAQ
NB-PRL,MultifunctionDAQ
NEC-AI-16E-4,MultifunctionDAQ
NEC-AI-16XE-50,MultifunctionDAQ
NEC-MIO-16E-4,MultifunctionDAQ
NEC-MIO-16XE-50,MultifunctionDAQ
NI ELVIS,MultifunctionDAQ
PC-AO-2DC,MultifunctionDAQ
PCI-6222,MultifunctionDAQ
PCI-MIO-16E-2,MultifunctionDAQ
PC-LPM-16,MultifunctionDAQ
PC-LPM-16PnP,MultifunctionDAQ
PXI-4200,MultifunctionDAQ
PXI-6110E,MultifunctionDAQ
PXI-6111E,MultifunctionDAQ
PXI-6222,MultifunctionDAQ
SB-A2200,MultifunctionDAQ
SB-MIO-16E-4,MultifunctionDAQ
SC-2070,MultifunctionDAQ
SC-2071,MultifunctionDAQ
SC-2072,MultifunctionDAQ
TB-2565,MultifunctionDAQ
NI ELVIS II,MultifunctionDAQ
NI ELVIS,MultifunctionDAQ
Analog Discovery,MultifunctionDAQ
myDAQ,MultifunctionDAQ
VIDEO MEASUREMENT SUITE,Multimedia Test HW/SW
VMS,Multimedia Test HW/SW
VIDEOMASTER,Multimedia Test HW/SW
PICTURE QUALITY ANALYSIS,Multimedia Test HW/SW
PQA,Multimedia Test HW/SW
AUDIOMASTER,Multimedia Test HW/SW
ANALOG VIDEO GENERATOR,Multimedia Test HW/SW
DIGITAL VIDEO GENERATOR,Multimedia Test HW/SW
DIGAUDIO,Multimedia Test HW/SW
NI EDID,Multimedia Test HW/SW
NI CEC,Multimedia Test HW/SW
NI HPD,Multimedia Test HW/SW
PXIe-1491,Multimedia Test HW/SW
BNC-2178,Multimedia Test HW/SW
VideoCTU,Multimedia Test HW/SW
CB-2180,Multimedia Test HW/SW
CB-2181,Multimedia Test HW/SW
VideoSPX-i,Multimedia Test HW/SW
VideoSPX-o,Multimedia Test HW/SW
PXI-2172,Multimedia Test HW/SW
VIDEOMUX,Multimedia Test HW/SW
DIFFERENTIAL VIDEO PROBE,Multimedia Test HW/SW
MULTISIM,Multisim (EWB)
UPDATE SERVICE,NI Update Service
NI UPDATE SERVICE,NI Update Service
NI OPC,OPC Servers
OPC SERVER,OPC Servers
OPC,OPC Servers
PXIe-4844,Optical (OSI)
OPTICAL,Optical (OSI)
OSI,Optical (OSI)
NI DCPOWER,Power Supplies and SMUs
DCPOWER,Power Supplies and SMUs
PXIE 4110,Power Supplies and SMUs
PXIE 4112,Power Supplies and SMUs
PXIE 4113,Power Supplies and SMUs
PXI 4130,Power Supplies and SMUs
PXI 4132,Power Supplies and SMUs
PXIE 4136,Power Supplies and SMUs
PXIE 4137,Power Supplies and SMUs
PXIE 4138,Power Supplies and SMUs
PXIE 4139,Power Supplies and SMUs
PXIE 4140,Power Supplies and SMUs
PXIE 4141,Power Supplies and SMUs
PXIE 4142,Power Supplies and SMUs
PXIE 4143,Power Supplies and SMUs
PXIE 4142,Power Supplies and SMUs
PXIE 4144,Power Supplies and SMUs
PXIE 4145,Power Supplies and SMUs
PXIE 4162,Power Supplies and SMUs
PXIE 4154,Power Supplies and SMUs
RMX-4104,Power Supplies and SMUs
RMX-4012,Power Supplies and SMUs
RMX-4104,Power Supplies and SMUs
RMX-4121,Power Supplies and SMUs
RMX-4120,Power Supplies and SMUs
RMX 412X,Power Supplies and SMUs
RMX-4124,Power Supplies and SMUs
RMX-4125,Power Supplies and SMUs
RMX-4126,Power Supplies and SMUs
RMX-4127,Power Supplies and SMUs
NI-9751,Powertrain Controls
NI-9752,Powertrain Controls
NI-9753,Powertrain Controls
NI-9754,Powertrain Controls
NI-9755,Powertrain Controls
DIDS-2103,Powertrain Controls
DIDS-2106,Powertrain Controls
DIDS-2109,Powertrain Controls
DIDS-2112,Powertrain Controls
NI-9756,Powertrain Controls
NI-9757,Powertrain Controls
NI-9758,Powertrain Controls
NI-9759,Powertrain Controls
NI-9760,Powertrain Controls
DCM-2301,Powertrain Controls
DCM-2316,Powertrain Controls
PXI CHASSIS,"PXI Controllers, Chassis, MXI"
PXIe-8135,"PXI Controllers, Chassis, MXI"
PXI-8119,"PXI Controllers, Chassis, MXI"
PXIe-8135RT,"PXI Controllers, Chassis, MXI"
PXI-8119RT,"PXI Controllers, Chassis, MXI"
PXI-8110RT,"PXI Controllers, Chassis, MXI"
PXI-8109RT,"PXI Controllers, Chassis, MXI"
PXIe-8880,"PXI Controllers, Chassis, MXI"
PXIe-8820,"PXI Controllers, Chassis, MXI"
COHERENT SOLUTIONS,"PXI Controllers, Chassis, MXI"
PXIe-8821,"PXI Controllers, Chassis, MXI"
PXIe-8115,"PXI Controllers, Chassis, MXI"
COHERENT OPTICAL,"PXI Controllers, Chassis, MXI"
PXIe-8840,"PXI Controllers, Chassis, MXI"
MXI,"PXI Controllers, Chassis, MXI"
PXI-8115,"PXI Controllers, Chassis, MXI"
NI 8352,"PXI Controllers, Chassis, MXI"
PXI-8820,"PXI Controllers, Chassis, MXI"
PXI-8102,"PXI Controllers, Chassis, MXI"
PXIe-8115RT,"PXI Controllers, Chassis, MXI"
PXIe-8102RT,"PXI Controllers, Chassis, MXI"
PXI-8115RT,"PXI Controllers, Chassis, MXI"
PXI-8102RT,"PXI Controllers, Chassis, MXI"
PXIe-8101,"PXI Controllers, Chassis, MXI"
PXI-8101,"PXI Controllers, Chassis, MXI"
PXIe-8101RT,"PXI Controllers, Chassis, MXI"
PXI-8100RT,"PXI Controllers, Chassis, MXI"
PXI-8101RT,"PXI Controllers, Chassis, MXI"
PXIe-8133,"PXI Controllers, Chassis, MXI"
PXIe-8108,"PXI Controllers, Chassis, MXI"
PXIe-8106,"PXI Controllers, Chassis, MXI"
PXIe-8105,"PXI Controllers, Chassis, MXI"
PXIe-8102,"PXI Controllers, Chassis, MXI"
PXI-8110,"PXI Controllers, Chassis, MXI"
PXI-8109,"PXI Controllers, Chassis, MXI"
PXI-8108,"PXI Controllers, Chassis, MXI"
PXI-8106,"PXI Controllers, Chassis, MXI"
PXI-8105,"PXI Controllers, Chassis, MXI"
PXI-8104,"PXI Controllers, Chassis, MXI"
PXI-8108RT,"PXI Controllers, Chassis, MXI"
PXIe-8130,"PXI Controllers, Chassis, MXI"
PXIe-8130 RT,"PXI Controllers, Chassis, MXI"
PXIe-8133 RT,"PXI Controllers, Chassis, MXI"
RMC-8355,"PXI Controllers, Chassis, MXI"
RMC-8354,"PXI Controllers, Chassis, MXI"
PXI-8145 RT,"PXI Controllers, Chassis, MXI"
PXI-8146 RT,"PXI Controllers, Chassis, MXI"
PXI-8155,"PXI Controllers, Chassis, MXI"
PXI-8156,"PXI Controllers, Chassis, MXI"
PXI-8156B RT,"PXI Controllers, Chassis, MXI"
PXI-8170,"PXI Controllers, Chassis, MXI"
PXI-8170/850 RT,"PXI Controllers, Chassis, MXI"
PXI-8173,"PXI Controllers, Chassis, MXI"
PXI-8174,"PXI Controllers, Chassis, MXI"
PXI-8175,"PXI Controllers, Chassis, MXI"
PXI-8175 RT,"PXI Controllers, Chassis, MXI"
PXI-8176,"PXI Controllers, Chassis, MXI"
PXI-8176 RT,"PXI Controllers, Chassis, MXI"
PXI-8183,"PXI Controllers, Chassis, MXI"
PXI-8183 RT,"PXI Controllers, Chassis, MXI"
PXI-8184,"PXI Controllers, Chassis, MXI"
PXI-8184 RT,"PXI Controllers, Chassis, MXI"
PXI-8185,"PXI Controllers, Chassis, MXI"
PXI-8186,"PXI Controllers, Chassis, MXI"
PXI-8186 RT,"PXI Controllers, Chassis, MXI"
PXI-8187,"PXI Controllers, Chassis, MXI"
PXI-8187 RT,"PXI Controllers, Chassis, MXI"
PXI-8195 RT,"PXI Controllers, Chassis, MXI"
PXI-8196 RT,"PXI Controllers, Chassis, MXI"
PXI-8210,"PXI Controllers, Chassis, MXI"
PXI-8211,"PXI Controllers, Chassis, MXI"
PXI-8212,"PXI Controllers, Chassis, MXI"
PXI-8214,"PXI Controllers, Chassis, MXI"
PXI-8220,"PXI Controllers, Chassis, MXI"
PXI-8221,"PXI Controllers, Chassis, MXI"
PXI-8231,"PXI Controllers, Chassis, MXI"
PXI-8234,"PXI Controllers, Chassis, MXI"
PXI-8250,"PXI Controllers, Chassis, MXI"
PXI-8320,"PXI Controllers, Chassis, MXI"
PXI-8330,"PXI Controllers, Chassis, MXI"
PXI-8331,"PXI Controllers, Chassis, MXI"
PXI-8335,"PXI Controllers, Chassis, MXI"
PXI-8336,"PXI Controllers, Chassis, MXI"
PXI-8350,"PXI Controllers, Chassis, MXI"
NI 8353,"PXI Controllers, Chassis, MXI"
NI 8353 RT,"PXI Controllers, Chassis, MXI"
PCI-1588,"PXI Controllers, Chassis, MXI"
PXI-1000B,"PXI Controllers, Chassis, MXI"
PXI-1002,"PXI Controllers, Chassis, MXI"
PXI-1006,"PXI Controllers, Chassis, MXI"
PXI-1010,"PXI Controllers, Chassis, MXI"
PXI-1011,"PXI Controllers, Chassis, MXI"
PXI-1020,"PXI Controllers, Chassis, MXI"
PXI-1025,"PXI Controllers, Chassis, MXI"
PXI-1031DC,"PXI Controllers, Chassis, MXI"
PXI-1033,"PXI Controllers, Chassis, MXI"
PXI-1036,"PXI Controllers, Chassis, MXI"
PXI-1036DC,"PXI Controllers, Chassis, MXI"
PXI-1042,"PXI Controllers, Chassis, MXI"
PXI-1042Q,"PXI Controllers, Chassis, MXI"
PXI-1044,"PXI Controllers, Chassis, MXI"
PXI-1045,"PXI Controllers, Chassis, MXI"
PXI-1050,"PXI Controllers, Chassis, MXI"
PXI-1052,"PXI Controllers, Chassis, MXI"
PXI-1056,"PXI Controllers, Chassis, MXI"
PXIe-1062Q,"PXI Controllers, Chassis, MXI"
PXIe-1065,"PXI Controllers, Chassis, MXI"
PXIe-1066DC,"PXI Controllers, Chassis, MXI"
PXIe-1071,"PXI Controllers, Chassis, MXI"
PXIe-1073,"PXI Controllers, Chassis, MXI"
PXIe-1075,"PXI Controllers, Chassis, MXI"
PXIe-1078,"PXI Controllers, Chassis, MXI"
PXIe-1082,"PXI Controllers, Chassis, MXI"
PXIe-1085,"PXI Controllers, Chassis, MXI"
PXIe-1084,"PXI Controllers, Chassis, MXI"
PXIe-8301,"PXI Controllers, Chassis, MXI"
PXIe-1086,"PXI Controllers, Chassis, MXI"
PXI-CardBus8310,"PXI Controllers, Chassis, MXI"
PXI-ExpressCard8360,"PXI Controllers, Chassis, MXI"
PXI-PCI8331,"PXI Controllers, Chassis, MXI"
PXI-PCI8336,"PXI Controllers, Chassis, MXI"
PXI-PCIe8361,"PXI Controllers, Chassis, MXI"
PXI-PCIe8362,"PXI Controllers, Chassis, MXI"
PXIe-PCIe8361,"PXI Controllers, Chassis, MXI"
PXIe-PCIe8362,"PXI Controllers, Chassis, MXI"
PXIe-8364,"PXI Controllers, Chassis, MXI"
PXIe-PCIe8371,"PXI Controllers, Chassis, MXI"
PXIe-PCIe8372,"PXI Controllers, Chassis, MXI"
PXIe-8374,"PXI Controllers, Chassis, MXI"
PXIe-PCIe8375,"PXI Controllers, Chassis, MXI"
PXIe-PCIe8381,"PXI Controllers, Chassis, MXI"
PXIe-8384,"PXI Controllers, Chassis, MXI"
PXIe-8383MC,"PXI Controllers, Chassis, MXI"
PXIe-PCIe8388,"PXI Controllers, Chassis, MXI"
PXIe-PCIe8389,"PXI Controllers, Chassis, MXI"
PXIe-8398,"PXI Controllers, Chassis, MXI"
PCIe-8398,"PXI Controllers, Chassis, MXI"
PXIe-8394,"PXI Controllers, Chassis, MXI"
O2EPXIe,"PXI Controllers, Chassis, MXI"
SWITCHPXIE,"PXI Controllers, Chassis, MXI"
VOAPXIE,"PXI Controllers, Chassis, MXI"
TRAYPXIE,"PXI Controllers, Chassis, MXI"
PXI-6651,PXI Timing and Sync
PXI-6652,PXI Timing and Sync
PXI-6653,PXI Timing and Sync
PXIe-6672,PXI Timing and Sync
PXIe-6674T,PXI Timing and Sync
PXI-6682,PXI Timing and Sync
PXI-6683,PXI Timing and Sync
GREENFIELD,PXI Timing and Sync
PCI-1588,PXI Timing and Sync
GFT9404,PXI Timing and Sync
PXIE-3352,PXI Timing and Sync
NI 8260,RAID
HDD-8261,RAID
HDD-8263,RAID
HDD-8264,RAID
HDD-8265,RAID
PXI-5600,RF
PXIe-5601,RF
PXIe-5603,RF
PXI-5610,RF
PXIe-5611,RF
PXI-5620,RF
PXI-5621,RF
PXI-1470,RF
PXI-5660,RF
PXI-5661,RF
PXIe-5668R,RF
PXI-5670,RF
PXI-5671,RF
PXI-5672,RF
PXIe-5663,RF
PXIe-5665,RF
PXIe-5673,RF
PXIe-5630,RF
PXI-5650,RF
PXIe-5632,RF
PXI-5651,RF
PXI-5652,RF
PXIe-5653,RF
PXIe-5654,RF
USB-5680,RF
USB-5681,RF
PXI-5690,RF
PXI-5691,RF
PXI-5695,RF
USB-5683,RF
USB-5684,RF
PXIe-5644R,RF
PXIe-5645R,RF
PXIe-5646R,RF
PXIe-5840R,RF
PXIe-5820R,RF
PCI-5640R ,RF
PXIe-5641R ,RF
PXIe-5624R,RF
NI 9770,RF
QUICKSYN,RF
Micropross MP500 TCL3,RF
Micropross MP500 PT1-NFC,RF
SPECTRAL MEASUREMENTS TOOLKIT,RF Software
MODULATION TOOLKIT,RF Software
GPS TOOLKIT,RF Software
GPS/GLONASS TOOLKIT,RF Software
GSM TOOLKIT,RF Software
GSM/EDGE TOOLKIT,RF Software
WCDMA/HSPA+ TOOLKIT,RF Software
LTE TOOLKIT,RF Software
BLUETOOTH TOOLKIT,RF Software
ZIGBEE TOOLKIT,RF Software
WLAN TOOLKIT,RF Software
FIXED WIMAX TOOLKIT,RF Software
MOBILE WIMAX TOOLKIT,RF Software
FM/RDS TOOLKIT,RF Software
RFMX,RF Software
SPECAN,RF Software
DEMOD,RF Software
RFIC,RF Software
GPS,RF Software
GSM,RF Software
EDGE,RF Software
LTE,RF Software
BLUETOOTH,RF Software
ZIGBEE,RF Software
WLAN,RF Software
WIMAX,RF Software
NI-RIO,RIO
NI RIO,RIO
RIO,RIO
NI-COMPACTRIO,RIO
NI COMPACTRIO,RIO
COMPACTRIO,RIO
R Series Multifunction RIO,RIO
Industrial Communications for EtherCAT,RIO
Electrical Power Suite,RIO
CRIO 9002,RIO
CRIO 9004,RIO
CRIO 9012,RIO
CRIO 9014,RIO
CRIO 9022,RIO
CRIO 9023,RIO
CRIO 9024,RIO
CRIO 9025,RIO
CRIO 9052,RIO
CRIO 9101,RIO
CRIO 9102,RIO
CRIO 9103,RIO
CRIO 9104,RIO
CRIO 9111,RIO
CRIO 9112,RIO
CRIO 9113,RIO
CRIO 9114,RIO
CRIO 9116,RIO
CRIO 9146,RIO
CRIO 9147,RIO
CRIO 9148,RIO
CRIO 9149,RIO
CRIO 9030,RIO
CRIO 9031,RIO
CRIO 9032,RIO
CRIO 9033,RIO
CRIO 9034,RIO
CRIO 9035,RIO
CRIO 9036,RIO
CRIO 9037,RIO
CRIO 9038,RIO
CRIO 9039,RIO
CRIO 9063,RIO
CRIO 9064,RIO
CRIO 9065,RIO
CRIO 9066,RIO
CRIO 9067,RIO
CRIO 9068,RIO
CRIO 9072,RIO
CRIO 9073,RIO
CRIO 9074,RIO
CRIO 9075,RIO
CRIO 9076,RIO
CRIO 9081,RIO
CRIO 9082,RIO
CRIO 9083,RIO
CRIO 9035,RIO
CRIO 9039,RIO
REM 11100,RIO
REM 11102,RIO
REM 11115,RIO
REM 11120,RIO
REM 11152,RIO
REM 11154,RIO
REM 11175,RIO
REM 11178,RIO
REM 11180,RIO
REM 11190,RIO
CRIO 9151,RIO
CRIO 9154,RIO
CRIO 9155,RIO
CRIO 9157,RIO
CRIO 9159,RIO
PXI 7811R,RIO
PCI 7811R,RIO
PXI 7813R,RIO
PCI 7813R,RIO
PXI 7820R,RIO
PCI 7820R,RIO
PXI 7821R,RIO
PCI 7821R,RIO
PXI 7822R,RIO
PCI 7822R,RIO
PXI 7830R,RIO
PCI 7830R,RIO
PXI 7831R,RIO
PCI 7831R,RIO
PXI 7833R,RIO
PCI 7833R,RIO
PXI 7841R,RIO
PCI 7841R,RIO
PXI 7842R,RIO
PCI 7842R,RIO
PXI 7845R,RIO
PCI 7845R,RIO
PXI 7846R,RIO
PCI 7846R,RIO
PXI 7851R,RIO
PCI 7851R,RIO
PXI 7852R,RIO
PCI 7852R,RIO
PXI 7853R,RIO
PCI 7853R,RIO
PXI 7854R,RIO
PCI 7854R,RIO
PXI 7855R,RIO
PCI 7855R,RIO
PXI 7856R,RIO
PCI 7856R,RIO
PXI 7858R,RIO
PCI 7858R,RIO
PXIE 7867,RIO
PXIE 7868,RIO
SBRIO,RIO
SB RIO,RIO
CRIO,RIO
SBRIO 9601,RIO
SBRIO 9602,RIO
SBRIO 9605,RIO
SBRIO 9606,RIO
SBRIO 9607,RIO
SBRIO 9611,RIO
SBRIO 9612,RIO
SBRIO 9623,RIO
SBRIO 9626,RIO
SBRIO 9627,RIO
SBRIO 9631,RIO
SBRIO 9632,RIO
SBRIO 9633,RIO
SBRIO 9636,RIO
SBRIO 9637,RIO
SBRIO 9641,RIO
SBRIO 9642,RIO
SBRIO 9262,RIO
SBRIO 9651,RIO
MYRIO,RIO
MY RIO,RIO
MYRIO 1900,RIO
MYRIO 1950,RIO
ROBORIO,RIO
ADAPTER FOR MYRIO,RIO
ELVIS III,RIO
ELVIS 3,RIO
PXI-4220,SC Express
PXIE-4300,SC Express
PXIE-4302,SC Express
PXIE-4303,SC Express
PXIE-4304,SC Express
PXIE-4305,SC Express
PXIE-4309,SC Express
PXIE-4310,SC Express
PXIE-4322,SC Express
PXIE-4330,SC Express
PXIE-4331,SC Express
PXIE-4353,SC Express
PXIE-4357,SC Express
PXIE-4339,SC Express
PXIE-4340,SC Express
TB-4300,SC Express
TB-4300B,SC Express
TB-4322,SC Express
TB-4330,SC Express
RM-24999,SC Express
TB-4339,SC Express
TB-4353,SC Express
TC-4353,SC Express
TB-4357,SC Express
TB-4302,SC Express
TB-4304,SC Express
RM-4304,SC Express
SCC-HD,SCC
SCC-ICP,SCC
SCC-PT,SCC
SCC-PWR,SCC
SCC-A10,SCC
SCC-ACC01,SCC
SCC-AI,SCC
SCC-AO10,SCC
SCC-CI20,SCC
SCC-CO20,SCC
SCC-CTR01,SCC
SCC-DI01,SCC
SCC-DO01,SCC
SCC-FT01,SCC
SCC-FV01,SCC
SCC-LP,SCC
SCC-RLY01,SCC
SCC-RTD01,SCC
SCC-SG,SCC
SCC-SG24,SCC
SCC-TC,SCC
AT-5102,ScopesDigitizers
DAQCard-5102,ScopesDigitizers
PCI-5102,ScopesDigitizers
PCI-5105,ScopesDigitizers
PCI-5112,ScopesDigitizers
PCI-5122,ScopesDigitizers
PCI-5124,ScopesDigitizers
PCI-5142,ScopesDigitizers
PCI-5152,ScopesDigitizers
PCI-5153,ScopesDigitizers
PCI-5154,ScopesDigitizers
PCI-5911,ScopesDigitizers
PCMCIA-5102,ScopesDigitizers
PXI-5102,ScopesDigitizers
PXI-5105,ScopesDigitizers
PXI-5112,ScopesDigitizers
PXI-5114,ScopesDigitizers
PXI-5122,ScopesDigitizers
PXI-5124,ScopesDigitizers
PXI-5142,ScopesDigitizers
PXI-5152,ScopesDigitizers
PXI-5153,ScopesDigitizers
PXI-5154,ScopesDigitizers
PXI-5900,ScopesDigitizers
PXI-5922,ScopesDigitizers
PXIe-5122,ScopesDigitizers
PXIe-5160,ScopesDigitizers
PXIe-5162,ScopesDigitizers
PXIe-5622,ScopesDigitizers
PXIe-5185,ScopesDigitizers
PXIe-5186,ScopesDigitizers
USB-5132,ScopesDigitizers
USB-5133,ScopesDigitizers
SCXI-1200,SCXI
SCXI-1307,SCXI
SCXI-1311,SCXI
SCXI-1340,SCXI
SCXI-1341,SCXI
SCXI-1342,SCXI
SCXI-1345,SCXI
SCXI-1347,SCXI
SCXI-1350,SCXI
SCXI-1356,SCXI
SCXI-1361,SCXI
SCXI-1381,SCXI
SCXI-1384K,SCXI
SCXI-2000,SCXI
SCXI-2350,SCXI
SCXI-2400,SCXI
SCXI-CTC8,SCXI
SCXI-FRQ8,SCXI
SCXI-MS100,SCXI
SCXI-1100,SCXI
SCXI-1102,SCXI
SCXI-1102B,SCXI
SCXI-1102C,SCXI
SCXI-1104,SCXI
SCXI-1104C,SCXI
SCXI-1112,SCXI
SCXI-1120,SCXI
SCXI-1120D,SCXI
SCXI-1121,SCXI
SCXI-1122,SCXI
SCXI-1124,SCXI
SCXI-1125,SCXI
SCXI-1126,SCXI
SCXI-1140,SCXI
SCXI-1141,SCXI
SCXI-1142,SCXI
SCXI-1143,SCXI
SCXI-1300,SCXI
SCXI-1303,SCXI
SCXI-1308,SCXI
SCXI-1310,SCXI
SCXI-1300,SCXI
SCXI-1310,SCXI
SCXI-1305,SCXI
SCXI-1320,SCXI
SCXI-1327,SCXI
SCXI-1328,SCXI
SCXI-1330,SCXI
SCXI-1305,SCXI
SCXI-1320,SCXI
SCXI-1321,SCXI
SCXI-1327,SCXI
SCXI-1322,SCXI
SCXI-1325,SCXI
SCXI-1305,SCXI
SCXI-1313A,SCXI
SCXI-1320,SCXI
SCXI-1327,SCXI
SCXI-1328,SCXI
SCXI-1305,SCXI
SCXI-1320,SCXI
SCXI-1330,SCXI
SCXI-1338,SCXI
SCXI-1301,SCXI
SCXI-1304,SCXI
SCXI-1305,SCXI
SCXI-1304,SCXI
SCXI-1305,SCXI
SCXI-1310,SCXI
BNC/TC-2095,SCXI
TBX-1303,SCXI
TBX-96,SCXI
BNC/TC-2095,SCXI
TBX-96,SCXI
SCXI-1338,SCXI
TBX-1316,SCXI
TBX-1328,SCXI
TBX-1329,SCXI
SCXI-1328,SCXI
SCXI-1330,SCXI
TBX-1328,SCXI
TBX-1329,SCXI
TBX-1325,SCXI
SCXI-1330,SCXI
SCXI-1338,SCXI
TBX-1316,SCXI
TBX-1328,SCXI
TBX-1329,SCXI
TBX-1316,SCXI
TBX-1328,SCXI
TBX-1329,SCXI
SCXI-1310,SCXI
TBX-96,SCXI
SCXI-1163,SCXI
SCXI-1180,SCXI
SCXI-1181,SCXI
SCXI-1181K,SCXI
SCXI-1503,SCXI
SCXI-1520,SCXI
SCXI-1521,SCXI
SCXI-1521B,SCXI
SCXI-1530,SCXI
SCXI-1531,SCXI
SCXI-1540,SCXI
SCXI-1581,SCXI
SCXI-1326,SCXI
SCXI-1302,SCXI
SCXI-1300,SCXI
SCXI-1301,SCXI
SCXI-1310,SCXI
SCXI-1300,SCXI
SCXI-1301,SCXI
SCXI-1381K,SCXI
SCXI-1306,SCXI
"SCXI-1314 
",SCXI
SCXI-1314T,SCXI
SCXI-1317,SCXI
BNC-2096,SCXI
SCXI-1315,SCXI
TBX-96,SCXI
TBX-1326,SCXI
SCXI-1351,SCXI
SCXI-1330,SCXI
SCXI-1351,SCXI
TBX-1303,SCXI
SCXI-1000,SCXI
SCXI-1000DC,SCXI
SCXI-1001,SCXI
SCXI BUS EXTENDER,SCXI
SCXI RACK MOUNT,SCXI
SCXI RESISTOR,SCXI
TBX-24F,SCXI
TBX-RM1,SCXI
SBS-96F,SCXI
SCXI-1343,SCXI
SCXI-1346,SCXI
SCXI-1349,SCXI
SCXI-1352,SCXI
SCXI-1353,SCXI
SCXI-1355,SCXI
SCXI-1357,SCXI
SCXI-1358,SCXI
SCXI-1360,SCXI
SCXI-1373,SCXI
SCXI-1374,SCXI
SCXI-1382,SCXI
SCXI-1383,SCXI
SCXI-1600,SCXI
NI SERIAL,Serial
SERIAL,Serial
NI-SERIAL,Serial
AT-232,Serial
AT-232I,Serial
AT-485,Serial
AT-485I,Serial
ENET-232/2,Serial
ENET-232/4,Serial
ENET-485/2,Serial
ENET-485/4,Serial
ExpressCard-8420/2,Serial
ExpressCard-8421/2,Serial
PCI-232/2,Serial
PCI-232/4,Serial
PCI-232/8,Serial
PCI-232/16,Serial
PCI-232I/2,Serial
PCI-232I/4,Serial
PCI-485/2,Serial
PCI-485/4,Serial
PCI-485/8,Serial
PCI-485I/2,Serial
PCI-485I/4,Serial
PCI-8430/2,Serial
PCI-8430/4,Serial
PCI-8430/8,Serial
PCI-8430/16,Serial
PCI-8431/2,Serial
PCI-8431/4,Serial
PCI-8431/8,Serial
PCI-8432/2,Serial
PCI-8432/4,Serial
PCI-8433/2,Serial
PCI-8433/4,Serial
PCIe-8430/8,Serial
PCIe-8430/16,Serial
PCIe-8431/8,Serial
PCIe-8431/16,Serial
PCMCIA-232,Serial
PCMCIA-232/2,Serial
PCMCIA-232/4,Serial
PCMCIA-485,Serial
PCMCIA-485/2,Serial
PXI-8420/2,Serial
PXI-8420/4,Serial
PXI-8420/8,Serial
PXI-8420/16,Serial
PXI-8421/2,Serial
PXI-8421/4,Serial
PXI-8421/8,Serial
PXI-8422/2,Serial
PXI-8422/4,Serial
PXI-8423/2,Serial
PXI-8423/4,Serial
PXI-8430/2,Serial
PXI-8430/4,Serial
PXI-8430/8,Serial
PXI-8430/16,Serial
PXI-8431/2,Serial
PXI-8431/4,Serial
PXI-8431/8,Serial
PXI-8432/2,Serial
PXI-8432/4,Serial
PXI-8433/2,Serial
PXI-8433/4,Serial
PXIe-8430/8,Serial
PXIe-8430/16,Serial
PXIe-8431/8,Serial
PXIe-8431/16,Serial
Serial Cables,Serial
USB-232,Serial
USB-232/2,Serial
USB-232/4,Serial
USB-485,Serial
USB-485/2,Serial
USB-485/4,Serial
AT-5411,Signal Sources
PCI-5401,Signal Sources
PCI-5402,Signal Sources
PCI-5406,Signal Sources
PCI-5411,Signal Sources
PCI-5412,Signal Sources
PCI-5421,Signal Sources
PCI-5431,Signal Sources
PXI-5401,Signal Sources
PXI-5402,Signal Sources
PXI-5404,Signal Sources
PXI-5406,Signal Sources
PXI-5411,Signal Sources
PXI-5412,Signal Sources
PXI-5421,Signal Sources
PXI-5422,Signal Sources
PXI-5431,Signal Sources
PXI-5441,Signal Sources
PXI-5442,Signal Sources
PXIe-5413,Signal Sources
PXIe-5423,Signal Sources
PXIe-5433,Signal Sources
PXIe-5442,Signal Sources
PXIe-5450,Signal Sources
PXIe-5451,Signal Sources
6B11,SignalCondOther
6B12,SignalCondOther
6B13,SignalCondOther
6B21,SignalCondOther
6B50,SignalCondOther
SC-2052,SignalCondOther
SC-2053,SignalCondOther
SC-2055,SignalCondOther
SC-2057,SignalCondOther
5B30,SignalCondOther
5B31,SignalCondOther
5B32,SignalCondOther
5B34,SignalCondOther
5B35,SignalCondOther
5B36,SignalCondOther
5B37,SignalCondOther
5B38,SignalCondOther
5B39,SignalCondOther
5B40,SignalCondOther
5B41,SignalCondOther
5B45,SignalCondOther
5B46,SignalCondOther
5B47,SignalCondOther
5B49,SignalCondOther
AMUX-64T,SignalCondOther
CA-1000,SignalCondOther
ER-8/16,SignalCondOther
MCC USB-501,SignalCondOther
MCC USB-502,SignalCondOther
SC-2040 T/H,SignalCondOther
SC-2042 RTD,SignalCondOther
SC-2043 SG,SignalCondOther
SC-2050,SignalCondOther
SC-2051,SignalCondOther
SC-2054,SignalCondOther
SC-2056,SignalCondOther
SC-2060,SignalCondOther
SC-2061,SignalCondOther
SC-2062,SignalCondOther
SC-2311,SignalCondOther
SIGNAL EXPRESS,SignalExpress
SIGNALEXPRESS,SignalExpress
PXI-7951R,Software Defined Instruments
PXI-7952R,Software Defined Instruments
PXI-7953R,Software Defined Instruments
PXI-7954R,Software Defined Instruments
PXIe-7961R,Software Defined Instruments
PXIe-7962R,Software Defined Instruments
PXIe-7965R,Software Defined Instruments
PXIe-7966R,Software Defined Instruments
PXIe-7971R,Software Defined Instruments
PXIe-7972R,Software Defined Instruments
PXIe-7975R,Software Defined Instruments
PXIe-7976R,Software Defined Instruments
PXIe-7911,Software Defined Instruments
NI 7931R,Software Defined Instruments
PXIe-7912,Software Defined Instruments
NI 7932R,Software Defined Instruments
PXIe-7915,Software Defined Instruments
NI 7935R,Software Defined Instruments
NI-5731,Software Defined Instruments
NI-5732,Software Defined Instruments
NI-5733,Software Defined Instruments
NI-5734,Software Defined Instruments
NI-5751,Software Defined Instruments
NI-5752,Software Defined Instruments
NI-5761,Software Defined Instruments
NI-5762,Software Defined Instruments
PXIe-5763,Software Defined Instruments
PXIe-5764,Software Defined Instruments
NI-6581,Software Defined Instruments
NI-6583,Software Defined Instruments
NI-6584,Software Defined Instruments
NI-6585,Software Defined Instruments
NI-6587,Software Defined Instruments
NI 5791,Software Defined Instruments
NI 5792,Software Defined Instruments
NI 5793,Software Defined Instruments
NI 5781,Software Defined Instruments
NI 5782,Software Defined Instruments
NI 5783,Software Defined Instruments
NI 5771,Software Defined Instruments
NI 5772,Software Defined Instruments
NI 5741,Software Defined Instruments
NI 5742,Software Defined Instruments
AT-1120,Software Defined Instruments
AT-1212,Software Defined Instruments
PXIe-6591,Software Defined Instruments
PXIe-6592,Software Defined Instruments
PXIe-7902,Software Defined Instruments
ATCA-3671,Software Defined Instruments
PXIe-5164,Software Defined Instruments
PXIe-5170R,Software Defined Instruments
PXIe-5171R,Software Defined Instruments
PXIe-5172R,Software Defined Instruments
SMA-2165,Software Defined Instruments
SMB-2145,Software Defined Instruments
SMB-2146,Software Defined Instruments
SMB-2147,Software Defined Instruments
SMB-2148,Software Defined Instruments
FLEXRIO,Software Defined Instruments
SOUND AND VIBRATION TOOLKIT,Sound and Vibration SW
SOUND AND VIB TOOLKIT,Sound and Vibration SW
SOUND AND VIB,Sound and Vibration SW
DSA & DSG SOFT FRONT PANELS,Sound and Vibration SW
OCTAVE ANALYSIS TOOLKIT,Sound and Vibration SW
ORDER ANALYSIS TOOLKIT,Sound and Vibration SW
THIRD-OCTAVE ANALYSIS TOOLKIT,Sound and Vibration SW
SOUND,Sound and Vibration SW
VIBRATION,Sound and Vibration SW
SEMICONDUCTOR TEST SYSTEM,STS
SEMICONDUCTOR TEST,STS
STS,STS
TSM,STS
TESTSTAND SEMICONDUCTOR MODULE,STS
PXI-2586,Switches
PXI-2565,Switches
PXI-2564,Switches
PXI-2566,Switches
PXI-2523,Switches
PXI-2568,Switches
PXI-2570,Switches
PXI-2521,Switches
PXI-2571,Switches
PXI-2520,Switches
PXI-2522,Switches
PXI-2569,Switches
PXIe-2569,Switches
PXI-2501,Switches
PXI-2503,Switches
PXI-2529,Switches
PXIe-2529,Switches
PXI-2530B,Switches
PXI-2533,Switches
PXI-2534,Switches
PXI-2531,Switches
PXIe-2531,Switches
PXI-2532B,Switches
PXI-2532,Switches
PXIe-2532B,Switches
PXIe-2532,Switches
SWB-2810,Switches
SWITCHBLOCK,Switches
NI 2812,Switches
NI 2813,Switches
NI 2817,Switches
NI 2814,Switches
NI 2833,Switches
NI-2834,Switches
PXI-2535,Switches
PXI-2536,Switches
PXIe-2541,Switches
PXI-2540,Switches
PXIe-2540,Switches
PXI-2593,Switches
PXIe-2593,Switches
PXIe-2738,Switches
PXIe-2739,Switches
PXI-2585,Switches
PXI-2503,Switches
PXI-2501,Switches
PXIe-2584,Switches
PXIe-2526,Switches
PXIe-2524 PXIe-2525,Switches
PXI-2527,Switches
PXIe-2527,Switches
PXI-2576,Switches
PXIe-2737,Switches
PXI-2530B,Switches
PXI-2575,Switches
PXIe-2575,Switches
PXI-2590,Switches
PXI-2594,Switches
PXI-2595,Switches
PXI-2593,Switches
PXIe-2593,Switches
PXi-2596,Switches
PXI-2597,Switches
PXI-2796,Switches
PXI-2797,Switches
PXI-2798,Switches
PXI-2799,Switches
PXI-2720,Switches
PXI-2722,Switches
PXIe-2725,Switches
PXIe-2727,Switches
PXI-2541,Switches
PXIe-2541,Switches
PXI-2540,Switches
PXIe-2540,Switches
PXI-2593,Switches
PXIe-2593,Switches
PXI-2594,Switches
PXI-2545,Switches
PXI-2546,Switches
PXI-2547,Switches
PXI-2548,Switches
PXIe-2549,Switches
PXI-2595,Switches
PXIe-2543,Switches
PXIe-2543,Switches
PXIe-2790,Switches
PXI-2596,Switches
PXIe-2597,Switches
PXIe-2598,Switches
PXI-2599,Switches
PXI-2796,Switches
PXI-2797,Switches
PXI-2798,Switches
PXI-2799,Switches
PXI-2554,Switches
PXI-2555,Switches
PXI-2556,Switches
PXI-2557,Switches
PXI-2558,Switches
PXI-2559,Switches
PXI-2510,Switches
PXI-2512,Switches
PXI-2512,Switches
PXIe-2512,Switches
PXI-2514,Switches
PXIe-2514,Switches
PXI-2515,Switches
PXIe-2515,Switches
PXI-2567,Switches
SCXI-1161,Switches
SCXI-1160,Switches
SCXI-1166,Switches
SCXI-1167,Switches
SCXI-1169,Switches
SCXI-1127,Switches
SCXI-1128,Switches
SCXI-1163R,Switches
SCXI-1175,Switches
SCXI-1129,Switches
SCXI-1130,Switches
SCXI-1194,Switches
SCXI-1195,Switches
NI 2565,Switches
NI-2591,Switches
PCI-4021,Switches
PXI-2501,Switches
PXI-2503,Switches
PXI/PXIe-2515,Switches
PXI-2527,Switches
PXI-2529,Switches
PXI-2530,Switches
PXI-TB-2630,Switches
PXI-2590,Switches
PXI-2591,Switches
PXI-2593,Switches
PXI-2594,Switches
PXI-2595,Switches
PXI-2596,Switches
PXI-2597,Switches
PXI-2598,Switches
PXI-2599,Switches
PXI-4021,Switches
SCXI-1000,Switches
SCXI-1001,Switches
SCXI-1127,Switches
SCXI-1128,Switches
SCXI-1129,Switches
SCXI-1130,Switches
SCXI-1160,Switches
SCXI-1161,Switches
SCXI-1163R,Switches
SCXI-1166,Switches
SCXI-1167,Switches
SCXI-1169,Switches
SCXI-1175,Switches
SCXI-1190,Switches
SCXI-1191,Switches
SCXI-1192,Switches
SCXI-1193,Switches
SCXI-1194,Switches
SCXI-1195,Switches
SCXI-1324,Switches
SCXI-1331,Switches
SCXI-1332,Switches
SCXI-1333,Switches
SCXI-1334,Switches
SCXI-1335,Switches
SCXI-1336,Switches
SCXI-1337,Switches
SCXI-1339,Switches
SCXI-1362,Switches
USB-1357,Switches
USB-1358,Switches
USB-1359,Switches
SYSTEMLINK,SystemLink
ULTIBOARD,Ultiboard (EWB)
USRP-2900,USRP
USRP-2901,USRP
USRP-2920,USRP
USRP-2921,USRP
USRP-2922,USRP
USRP-2930,USRP
USRP-2932,USRP
USRP-2940R,USRP
USRP-2942R,USRP
USRP-2943R,USRP
USRP-2944R,USRP
USRP-2950R,USRP
USRP-2952R,USRP
USRP-2953R,USRP
USRP-2954R,USRP
CDA-2990,USRP
VB-8012,VBench
VB-8034,VBench
VIRTUAL BENCH,VBench
VBENCH,VBench
VERISTAND,VeriStand
SIMULATION INTERFACE TOOLKIT,VeriStand
MODEL INTERFACE TOOLKIT,VeriStand
cPCI-5565PIORC,VeriStand
IMAQ VISION OCR,IMAQ
VISION BUILDER,IMAQ
VISION ASSISTANT,IMAQ
VISION ACQUISITION,IMAQ
VDM,IMAQ
VISION DEVELOPMENT MODULE,IMAQ
FLEXNET,VolumeLicenseMgr
VLA,VolumeLicenseMgr
VLM,VolumeLicenseMgr
ACADEMIC SITE,VolumeLicenseMgr
BATCH INSTALLER,VolumeLicenseMgr
VOLUME LICENSE MANAGER,VolumeLicenseMgr
LICENSE INSTALLER,VolumeLicenseMgr
LICENSE FILE,VolumeLicenseMgr
AT-MXI,VXI_MXI
AT-MXI-2,VXI_MXI
GPIB-VXI/C,VXI_MXI
NB-MXI,VXI_MXI
PCI-MXI-2,VXI_MXI
PCI-MXI-2 Flexframe,VXI_MXI
SB-MXI,VXI_MXI
VME-AT2000,VXI_MXI
VME-AT2015,VXI_MXI
VME-AT2100,VXI_MXI
VME-AT4010,VXI_MXI
VME-MC6000,VXI_MXI
VME-MXI-1,VXI_MXI
VME-MXI-2,VXI_MXI
VMEPC-650 OPTS,VXI_MXI
VMEPC-650/166,VXI_MXI
VMEPC-650/233,VXI_MXI
VME-PCI8012,VXI_MXI
VME-PCI8015,VXI_MXI
VME-PCI8022,VXI_MXI
VME-PCI8026,VXI_MXI
VME-PCI8040,VXI_MXI
VME-PXI8012,VXI_MXI
VME-PXI8015,VXI_MXI
VME-PXI8022,VXI_MXI
VME-PXI8026,VXI_MXI
VME-PXI8040,VXI_MXI
VME-SB2020,VXI_MXI
VXI-1000,VXI_MXI
VXI-1200,VXI_MXI
FLEXFRAME,VXI_MXI
VXI-1394,VXI_MXI
VXI-1411,VXI_MXI
VXI-1500,VXI_MXI
VXI-1501,VXI_MXI
VXI-2703,VXI_MXI
VXI-2727,VXI_MXI
VXI-5412,VXI_MXI
VXI-5912,VXI_MXI
VXI-8340,VXI_MXI
VXI-8345,VXI_MXI
VXI-8350,VXI_MXI
VXI-AO-48XDC,VXI_MXI
VXI-AT4010,VXI_MXI
VXIcpu-030,VXI_MXI
VXI-DIO-128,VXI_MXI
VXI-MC6000,VXI_MXI
VXI-MIO,VXI_MXI
VXI-MIO-64E-1,VXI_MXI
VXI-MIO-64XE-10,VXI_MXI
VXI-MXI-1,VXI_MXI
VXI-MXI-2,VXI_MXI
VXIpc-386,VXI_MXI
VXIpc-486,VXI_MXI
VXIpc-650/166,VXI_MXI
VXIpc-650/233,VXI_MXI
VXIpc-650,VXI_MXI
VXIpc-740,VXI_MXI
VXIpc-745,VXI_MXI
VXIpc-770,VXI_MXI
VXIpc-771,VXI_MXI
VXIpc-850,VXI_MXI
VXIpc-860/200,VXI_MXI
VXIpc-870/450,VXI_MXI
VXIpc-871,VXI_MXI
VXIpc-871B,VXI_MXI
VXIpc-872,VXI_MXI
VXIpc-872B,VXI_MXI
VXIpc-873,VXI_MXI
VXIpc-874B,VXI_MXI
VXIpc-875B,VXI_MXI
VXI-PCI8012,VXI_MXI
VXI-PCI8015,VXI_MXI
VXI-PCI8022,VXI_MXI
VXI-PCI8026,VXI_MXI
VXI-PCI8040,VXI_MXI
VXI-PCI8340,VXI_MXI
VXI-PCI8345,VXI_MXI
VXI-PXI8340,VXI_MXI
VXI-PXI8345,VXI_MXI
VXI-SB2020,VXI_MXI
VXI-SC-1000,VXI_MXI
VXI-SC-1102,VXI_MXI
VXI-SC-1150,VXI_MXI
VXI-TB-1000,VXI_MXI
VXI-TB-1303,VXI_MXI
VXI-TB-196,VXI_MXI
VXI-TB-2800,VXI_MXI
VXI-TB-2801,VXI_MXI
VXI-TB-2802,VXI_MXI
VXI-TB-296,VXI_MXI
VXI-TB-96,VXI_MXI
NI VXI,VXI_MXI
VXI,VXI_MXI
LV WSN,WSN
WSN,WSN
NI WSN,WSN
NI-WSN,WSN
WSN MODULE,WSN
WIRELESS SENSOR NETWORK,WSN
WSN-3202,WSN
WSN-3212,WSN
WSN-3214,WSN
WSN-3226,WSN
WSN-9791,WSN
WSN-9792,WSN
PXIe-8234,IMAQ
IMAQ-BNC,IMAQ
IMAQ-BNC-1,IMAQ
IMAQ-D6804,IMAQ
MDR,IMAQ
SDR,IMAQ
SMB-100,IMAQ
PoCL,IMAQ
IEEE 1394A to 1394B,IMAQ
RL127,IMAQ
RL4260,IMAQ
Basler ace,IMAQ
Basler racer,IMAQ
Basler scout,IMAQ
Basler pilot,IMAQ
Basler aviator,IMAQ
Basler sprint,IMAQ
Frame grabber,IMAQ
ISC-1780,IMAQ
ISC-1781,IMAQ
ISC-1782,IMAQ
ISC-1783,IMAQ
CVS-1457,IMAQ
CVS-1458,IMAQ
CVS-1459,IMAQ
EVS-1464,IMAQ
NXT,LV NXT
Competition,FIRST (NIC Only)
I2C/SPI,CAN
CALIBRATION EXEC,Calibration
"DIGITAL, HIGH-SPEED",HighSpeedDigital_IO
IMAGE ACQUISITION (IMAQ),IMAQ
optical character recognition,IMAQ
OSI,IMAQ
(OSI),IMAQ
RF,RF
NIGPS,RF
"RIO (CRIO, R SERIES, FLEXRIO, SBRIO)",RIO
TestStand Deployment Utility,TestStand
ISO 11898,CAN
J1939,CAN
ECU,CAN
CAN_L,CAN
CAN_H,CAN
FAULT TOLERANT,CAN
PROTOCOL,CAN
BUS,CAN
ARBITRATION ID,CAN
CAN FRAME,CAN
RTR,CAN
REMOTE TRANSFER REQUEST,CAN
CRC,CAN
Cyclic Redundancy Check ,CAN
Acknowledgment Bit ,CAN
ACK,CAN
PCMCIA-CAN,CAN
PCI-CAN,CAN
TRANSCIEVER CABLE,CAN
PXI-CAN,CAN
HS,CAN
LS,CAN
Controller Area Network ,CAN
Local Interconnect Network,CAN
XNET BUS MONITOR,CAN
CAN DEVICE SIMULATOR,CAN
TRC-8542,CAN
TRC-8543,CAN
TRC-8546,CAN
SINGLE TERMINATION,CAN
BREAKOUT BOX,CAN
OBD-II,CAN
ECU Measurement and Calibration Toolkit,CAN
Automotive Diagnostic Command Set,CAN
Transport Protocol,CAN
Volkswagen TP 2.0,CAN
Diagnostics over IP,CAN
KWP2000,CAN
DB9,CAN
PDU,CAN
Stream,CAN
Payload,CAN
Database editor,CAN
REMOTE FRAME,CAN
FIBEX,CAN
FAULT-TOLERANT,CAN
Single Wire,CAN
IIOT,InsightCM
Condition Monitoring,InsightCM
Data Historian,InsightCM
OSISoft PI,InsightCM
OPC UA,InsightCM
Assets,InsightCM
Server,InsightCM
PI Historian,InsightCM
Heartbeat,InsightCM
Periodic Aging Strategy,InsightCM
Streaming Aging Strategy,InsightCM
Alarm,InsightCM
Devices,InsightCM
PI POINTS,InsightCM
PI Values,InsightCM
Notification,InsightCM
Web application,InsightCM
Rule,InsightCM
Trend Viewer,InsightCM
InsightCMConsole.exe,InsightCM
NI InsightCM Server Services,InsightCM
InsightCM Enterprise Gateway Toolkit,InsightCM
InsightCM MCSA Toolkit,InsightCM
InsightCM Thermal Imaging Toolkit,InsightCM
InsightCM EMSA Toolkit,InsightCM
Network,InsightCM
Software Development Kit (SDK),InsightCM
SDK,InsightCM
CMS-9036,InsightCM
CMS-9068,InsightCM
CMS-9065,InsightCM
MMS-9068,InsightCM
MMS-9065,InsightCM
EMSA-9068,InsightCM
EMSA-9065,InsightCM
IR-3120,InsightCM
IR-1458,InsightCM
CMS-9024,InsightCM
Data Explorer,InsightCM
MongoDB,InsightCM
Data Finder,InsightCM
Asset,InsightCM
TSA (Time Synchronous Averaging) Spectrum viewer,InsightCM
TSA (Time Synchronous Averaging) Waveform viewer,InsightCM
NI Motor Current Signature Analysis Toolkit,InsightCM
NI Electromagnetic Signature Analysis Toolkit,InsightCM
CMS,InsightCM
Spectral Alarms,InsightCM
Asset tree,InsightCM
Model in the loop,VeriStand
MIL,VeriStand
Software in the loop,VeriStand
SIL,VeriStand
Hardware in the loop,VeriStand
HIL,VeriStand
closed-loop,VeriStand
UUT,VeriStand
Test cell,VeriStand
.nivsproj,VeriStand
.nivssdf,VeriStand
.nivsscreen,VeriStand
.nivsstimprof,VeriStand
.nivsseq,VeriStand
System definition file,VeriStand
Stimulus profile file,VeriStand
Primary control loop,VeriStand
PCL,VeriStand
Model execution loop,VeriStand
Custom device loop,VeriStand
Data processing loop,VeriStand
System explorer,VeriStand
Model interface loop,VeriStand
VeriStand Gateway,VeriStand
VeriStand RT Engine,VeriStand
Add Simulation Model,VeriStand
Inports,VeriStand
Outports,VeriStand
Alarm monitor,VeriStand
Model parameter manager,VeriStand
Channel scaling,VeriStand
Channel fault manager,VeriStand
Macro recorder,VeriStand
Macro player,VeriStand
Stimulus profile editor,VeriStand
Primitives,VeriStand
Hardware-in-the-loop,VeriStand
closed loop,VeriStand
NI Engine Simulation Toolkit,VeriStand
INERTIA Add-On for Closed-Loop Test Cell Applications,VeriStand
VeriStand Operator System,VeriStand
Software-in-the-loop,VeriStand
RCP,VeriStand
Versa Modular Eurocard,VXI_MXI
VME extension,VXI_MXI
NI-VXI,VXI_MXI
VXI,VXI_MXI
VXIbus Interactive Control,VXI_MXI
VIC,VXI_MXI
Resman,VXI_MXI
VXI Interactive Control,VXI_MXI
vxiinreg,VXI_MXI
VXI Resource Manager,VXI_MXI
Shared memory,VXI_MXI
Bus master,VXI_MXI
IACK*,VXI_MXI
MXIbus,VXI_MXI
vxiplug,VXI_MXI
mainframe,VXI_MXI
commander,VXI_MXI
SPST,Switches
SPDT,Switches
Single pole single throw,Switches
Single pole double throw,Switches
Fault insertion topology,Switches
FIU,Switches
1-wire switching mode,Switches
2-wire,Switches
4-wire,Switches
Non-latching,Switches
armature,Switches
Relay,Switches
niSwitch,Switches
latching,Switches
FET switch,Switches
reed,Switches
SwitchBlock,Switches
matrix,Switches
Density switching,Switches
Solid state,Switches
512-crosspoint,Switches
Hot switching,Switches
Dry switching,Switches
Carry current,Switches
Switching current,Switches
CAT I,Switches
CAT II,Switches
CAT III,Switches
CAT IV,Switches
NI-SWITCH,Switches
SWITCH,Switches
NI-SWITCH Soft Front Panel,Switches
MUX,Switches
Expansion,Switches
Multiplexer,Switches
