 NI CAN NI-CAN LIN NI-XNET XNET FLEXRAY NI 845X NI-845X I2C SPI NI 9852 NI 9853 NI 9881 NI 8531 NI 8472 NI 8473 PCI-CAN PXI 8460 PXI 8461 PXI 8464 PXI 8476 NI 9860 NI 9861 NI 9862 NI 9866 PCI-8511 PCI-8512 PCI-8513 PCI-8516 PCI-8517 PXIe-8510 PXI-8511 PXI-8512 PXI-8513 PXI-8516 PXI-8517 USB 8502 USB-8451 USB-8452 IVN-8561 I2C/SPI ISO 11898 J1939 ECU CAN_L CAN_H FAULT TOLERANT PROTOCOL BUS ARBITRATION ID CAN FRAME RTR REMOTE TRANSFER REQUEST CRC Cyclic Redundancy Check  Acknowledgment Bit  ACK PCMCIA-CAN PCI-CAN TRANSCIEVER CABLE PXI-CAN HS LS Controller Area Network  Local Interconnect Network XNET BUS MONITOR CAN DEVICE SIMULATOR TRC-8542 TRC-8543 TRC-8546 SINGLE TERMINATION BREAKOUT BOX OBD-II ECU Measurement and Calibration Toolkit Automotive Diagnostic Command Set Transport Protocol Volkswagen TP 2.0 Diagnostics over IP KWP2000 DB9 PDU Stream Payload Database editor REMOTE FRAME FIBEX FAULT-TOLERANT Single Wire,CAN
 NI-9202 NI-9218 NI-9225 NI-9227 NI-9229 NI-9230 NI-9231 NI-9232 NI-9233 NI-9235 NI-9236 NI-9237 NI-9238 NI-9239 NI-9242 NI-9244 NI-9247 NI-9250 NI-9251 NI-9260 NI-9469 NI-9775 NI-9246 FD-11603 FD-11613 FD-11637,CM C Series
 Calibration Executive Cal Exec CalExec CALIBRATION EXEC,Calibration
 Counter/Timer Counter PCI6601 PCI6602 PCI6624 PCIe6612 NI 6601 NI 6602 NI 6624 NI 6612 NI 6602 NI  PXI6624 PXIe6612 PXIe6614 NI 6614 NI 6608,CounterTimer
 DAQEXPRESS DAQ EXPRESS,DAQExpress
 DAC Navigator TDM DAT LVM DATAFINDER Data Portal Data Stores 2D axis system Bode Orbit Contour lines Cascade Map 3D model Graphic Video Polar pattern matching FFT order tracking circle regression waterfall plot crash analysis toolkit DAC kit DAC bundle Chart wizard Calculator Calculation manager Recording mode Script DataPlugin DFT curve fitting curve smoothing NoValue Matrix Triplet Convex Hull VISUAL Unit Catalog report DIAdem Visualization .DAT .STL .WRL DAT STL WRL DIAdem Connectivity Vis DIAdem,DIAdem
 NI 435X NI DMM DMM PXIE-4082 PXIE-4081 PXIE-4080 PXI-4071 PXI-4072 PXI-4070 PXI-4065 PXI-4022 PCI-4070 PCI-4065 PCIe-4065 USB-4065 PCMCIA-4050 1394-4351 CB-27 CB-68T DAQCard-4050 DAQCard-4350 DAQPad-4060 DAQPad-4350 PCI-4060 PCI-4350 PCI-4351 PXI-4351 PXI-4022 TBX-68T TC-2190 USB-4065 USB-4350 NI-435X NI-DMM DIGITAL MULTIMETERS (DMMS) FLEXDMM NIDMM DMM SOFT FRONT PANEL,DMM
 NI-9234 NI 9234 DYNAMIC SIGNAL ANALYZERS (DSA) AND VIBRATION SENSOR SUITE DSA PCI 4451 PCI-4451 USB 4431,DSA HW
 USB-6501 USB-6509 USB-6525 PCI-6503 PCI-6509 PCI-6510 PCI-6511 PCI-6512 PCI-6513 PCI-6514 PCI-6515 PCI-6516 PCI-6517 PCI-6518 PCI-6519 PCI-6520 PCI-6521 PCI-6527 PCI-6528 PCI-DIO-96 PXI-6508 PXI-6509 PXI-6511 PXI-6512 PXI-6513 PXI-6514 PXI-6515 PXI-6521 PXI-6527 PXI-6528 PXI-6529 AT-DIO-32HS DAQCard-6533 DAQCard-DIO-24 PC-DIO-24 PC-DIO-96 AT-DIO-32F BNC-2810 DAQCard-ER-8 DAQPad-6507 DAQPad-6508 DAQPad-6533 MC-DIO-24 MC-DIO-32F NB-DIO-24 NB-DIO-32F NB-DIO-96 PC-ER-8/16 PC-OPDIO-16 PCI-6504 PCI-6525 PCI-6526 PCI-6810 PCMCIA-6830 PXI-6504 PXI-6507 PXI-6525 PXI-6526 PXI-6810 DIGITAL INPUT/OUTPUT NI 6501 NI 6509 NI 6525 NI 6503 NI 6509 NI 6510 NI 6511 NI 6512 NI 6513 NI 6514 NI 6515 NI 6516 NI 6517 NI 6518 NI 6519 NI 6520 NI 6521 NI 6527 NI 6528 NI 6508 NI 6509 NI 6511 NI 6512 NI 6513 NI 6514 NI 6515 NI 6521 NI 6527 NI 6528 NI 6529 NI 6504 NI 6525 NI 6526 NI 6810 NI 6504 NI 6507 NI 6525 NI 6526 NI 6810,Digital_IO
 FIRST FRC ROBORIO FTC CAPTAIN TEAM SCHOOL Competition,FIRST (NIC Only)
" COMPACT FIELDPOINT FIELDPOINT FIELDPOINT FIELDPOINT FIELDPOINT FIELDPOINT FIELDPOINT FIELDPOINT FIELDPOINT FIELDPOINT FIELDPOINT FIELDPOINT FIELDPOINT FIELDPOINT FP CFP cFP-2000 cFP-2010 cFP-2020 cFP-2100 cFP-2110 cFP-2120 cFP-2200 cFP-2210 HELLO NI,  I WAS TASKED WITH CONFIRMING THE ACCURACY OF A CFP-AI-118 ATTACHED TO A CFP-2220.  THE SPECIFICATION LISTS A TYPICAL ACCURAY AND A WARRANTED ACCURCY FOR BOTH % OF READING AND % OF FULL SCALE.  THESE SPECS ARE ALSO GIVEN FOR EACH RANGE SETTING FOR THE DEVICE.  I USED A FLUKE CALIBRATOR AND WORKED MY WAY THROUGH THE RANGES TAKING DATA AT THE EXTREMES OF FULL SCALE.  I AM ATTACHING MY RESULTS AS A SPREADSHEET.  MY QUESTION IS WHY IS THE % OF FULL SCALE FAILING WHEN THE % OF READING PASSES?  THE HIGHER RANGES ALL FAIL IN THE % OF FULL SCALE WHILE ALL THE % OF READINGS PASS.  NOT ONLY DOES THE % OF READING PASS BUT IT ALSO CONFIRMS THE TYPICAL ACCURACIES.  SO, HOW DO YOU CALCULATE THE % OF FULL SCALE?  MY FORMULA IS ((ACTUAL-READING)/FULL SCALE)* 100.  AM I MISSING SOME CALCULATION HERE? I DID THIS IN LAB CONDITIONS, WAITED 1 HOUR FOR WARM UP, ETC.  YOU CAN SEE BY THE DATA I TOOK, THAT THE ERROR IN % OF READING WAS ALL GOOD SO WHY IS IT FAILING % OF FULL SCALE?  FOR YOUR RESPONSE, MIKE MARTINO, NORTHROP GRUMMAN NONE  FIELDPOINT cFP-AI-100 cFP-AI-102 cFP-AI-110 cFP-AI-111 cFP-AI-112 cFP-AI-118 cFP-AIO-600 cFP-AIO-610 cFP-AO-200 cFP-AO-210 cFP-BP-4 cFP-BP-8 cFP-CB-1 cFP-CB-2 cFP-CB-3 cFP-CB-4 cFP-CB-11 cFP-CTR-500 cFP-CTR-502 cFP-DI-300 cFP-DI-301 cFP-DI-304 cFP-DI-330 cFP-DIO-550 cFP-DO-400 cFP-DO-401 cFP-DO-403 cFP-DO-410 cFP-PG-522 cFP-PWM-520 cFP-QUAD-510 cFP-RLY-421 cFP-RLY-423 cFP-RLY-425 cFP-RTD-122 cFP-RTD-124 cFP-SG-140 cFP-TC-120 cFP-TC-125 cFP-1804 cFP-1808 FP-1000 FP-1001 FP-1100 FP-1300 FP-1600 FP-1601 FP-2000 FP-2010 FP-2015 FP-AI-100 FP-AI-102 FP-AI-110 FP-AI-111 FP-AI-112 FP-AI-C FP-AI-V FP-AIO-600 FP-AIO-610 FP-AO-200 FP-AO-210 FP-AO-C FP-AO-V FP-CTR-500 FP-CTR-502 FP-DI-300 FP-DI-301 FP-DI-330 FP-DI-AC FP-DI-DC FP-DIO-550 FP-DO-400 FP-DO-401 FP-DO-403 FP-DO-410 FP-DO-AC FP-DO-DC FP-ENC1 FP-PG-522 FP-PWM-520 FP-QUAD-510 FP-RLY-420 FP-RLY-422 FP-RTD-122 FP-RTD-124 FP-RTD-PT FP-SG-140 FP-TB-1 FP-TB-2 FP-TB-3 FP-TB-10 FP-TC-120 FP-TC-J FP-TC-K FP-TC-T MOXA AWK 3121",FieldPoint
 FLEXLOGGER,FlexLogger
 NI 9350 NI 9351 FUNCTIONAL SAFETY SAFETY EDITOR,Functional Safety
 NI VISA NI-VISA VISA INSTRUMENT DRIVER IVI DRIVER IVI NI-488.2 NI 488.2 488.2 AT-GPIB/TNT AT-GPIB/TNT PNP AT-GPIB/TNT+ EISA-GPIB EXM-GPIB ExpressCard-GPIB GPIB-1014 GPIB-1014D GPIB-1014DP GPIB-1014P GPIB-110 GPIB-120 GPIB-120A GPIB-120B GPIB-1284CT GPIB-130 GPIB-1394 GPIB-140A GPIB-232CT-A GPIB-232CV-A GPIB-410 GPIB-422CV GPIB-485CT-A GPIB-796P GPIB-961P GPIB-BUF GPIB Cables GPIB-ENET GPIB-ENET/100 GPIB-ENET/1000 GPIB-HP700-EISA GPIB-PCII GPIB-PCIIA GPIB-PRL GPIB-RF GPIB-RS232 GPIB-RS485/422 GPIB-RS/6000 GPIB-SBX GPIB-SCSI GPIB-SCSI-A GPIB-SPRC-B GPIB-SWITCH GPIB-USB-A GPIB-USB-B GPIB-USB-HS GPIB-USB-HS+ Instrument Simulator MC-GPIB NAT7210 NAT9914 NB-GPIB/TNT NEC-GPIB/TNT NEC/TNT PNP NEC/TNT W95 PC/104-GPIB PCI-8212 PCI-8215 PCI-8232 PCI-GPIB PCI-GPIB+ PCIe-GPIB PCIe-GPIB+ PCMCIA-GPIB PCMCIA-GPIB+ PMC-GPIB PXI-8212 PXI-8232 PXI-GPIB TC-GPIB TNT4882 TNT5002 VME-GPIB GPIB/IEEE 488,GPIB
 TOUCH PANEL TOUCH PANEL MODULE PPC-2015 PPC-2115 TPC-2006 TPC-2012 TPC-2106 TPC-2206 TPC-2212 TPC-2215 TPC-2230 TPC-2512 TPC-2515 NI 3100 NI 3110,HMI and Industrial PCs
" CB-2162 SMB-2163 SMA-2164 PCI-6541 PCI-6542 PCI-6551 PCI-6552 PCI-6561 PCI-6562 PCI-6533 PCI-6534 PCIe-6535 PCIe-6536 PCIe-6537 PXI-6541 PXI-6542 PXI-6551 PXI-6552 PXI-6561 PXI-6562 PXI-6533 PXI-6534 PXIe-6535 PXIe-6536 PXIe-6537 PXIe-6544 PXIe-6545 PXIe-6547 PXIe-6548 PXIe-6555 PXIe-6556 PXIe-6570 NI-653x DIGITAL, HIGH-SPEED PCIE 6535 VHDCI INFINIBAND 653X CB-2162 SMA-2165 SMA-2164 SMA-2163 TB-2715 SCB-68 SCB-68A HSDIO CB-68 CB-68LP CB-68LPR TBX-98 C68-C68-D4 SCH68-C68-D4 SHB12X-B12X LVDS SH68-68-D1 PSHR68-68M R6868 PR68-68F Mini-SAS HD SFP+ Digital Waveform Editor Jitter Analysis Toolkit DIGITAL, HIGH-SPEED",HighSpeedDigital_IO
 NI IMAQ IMAQ IMAQdx IMAQ I/O Vision Acquistion Software PCI-1405 PXI-1409 PCI-1410 PCI-1411 PXI-1411 PCI-1422 PCI-1424 PCI-1426 PCIe-1473R PCIe-1427 NI 1483 PCI-1428 PXI-1428 PCIe-1429 PCIe-1430 PCIe-1433 PXIe-1435 CVS-1454 CVS-1456 CVS-1457RT CVS-1458RT CVS-1459RT EVS-1464RT IC-3171 IC-3172 IC-3173 NI 1722 NI 1774C NI 1742 NI 1776 NI 1744 NI 1776C NI 1762 NI 1778 NI 1764 NI 1772 NI 1772C NI 1774 PCIE-8231 PCIe-8233 PCIe-8234 PCIe-8235 PCIe-8236 PCIe-8237 PCIe-8242 PCIe-8244 PCI-8252 PXI-8252 PXIe-8253 PCI-8254R PCIe-8255R IEEE 1394 GIGE VISION IMAQ-A2504 IMAQ-A2514 IMAQ-A6825 IMAQ-D100100 IMAQ-D10031 IMAQ-D10044 IMAQ-D10068 IMAQ-D2504 IMAQ-D6804 IMAQ-SCB 68 IMAQ-SCB 100 NI-Vision PXI-1405 PCI-1407 PXI-1407 PCI-1408 PXI-1408 PCI-1409 PXI-1410 PCI-1412 PXI-1412 PCI-1413 PXI-1413 PXI-1422 CVS-1455 CAMERA LINK IMAQ VISION OCR VISION BUILDER VISION ASSISTANT VISION ACQUISITION VDM VISION DEVELOPMENT MODULE PXIe-8234 IMAQ-BNC IMAQ-BNC-1 IMAQ-D6804 MDR SDR SMB-100 PoCL IEEE 1394A to 1394B RL127 RL4260 Basler ace Basler racer Basler scout Basler pilot Basler aviator Basler sprint Frame grabber ISC-1780 ISC-1781 ISC-1782 ISC-1783 CVS-1457 CVS-1458 CVS-1459 EVS-1464 IMAGE ACQUISITION (IMAQ) optical character recognition OSI (OSI),IMAQ
 IOTECH IOTECH 600 ZONICBOOK EZ-TOMAS,IOTech Vibration
 PROFIBUS PROFINET CANopen DeviceNet AS-i HART FOUNDATION FieldBus DNP3 EthernetIP IEC 60870-5 IEC 61850 cRIO EtherCAT Slave PDO Configurator Embedded CAN DNET ETHERCAT NI 9881 NI 9882 BW 3023 AM 9898 USB 8486 NI 8351 PCI 8532 PXI 8532 CRIO ECAT S NI 9144 NI 9145,Industrial Communications
 INSIGHTCM INSIGHT CM DATA EXPLORER DATAFINDER CMS IIOT Condition Monitoring Data Historian OSISoft PI OPC UA Assets Server PI Historian Heartbeat Periodic Aging Strategy Streaming Aging Strategy Alarm Devices PI POINTS PI Values Notification Web application Rule Trend Viewer InsightCMConsole.exe NI InsightCM Server Services InsightCM Enterprise Gateway Toolkit InsightCM MCSA Toolkit InsightCM Thermal Imaging Toolkit InsightCM EMSA Toolkit Network Software Development Kit (SDK) SDK CMS-9036 CMS-9068 CMS-9065 MMS-9068 MMS-9065 EMSA-9068 EMSA-9065 IR-3120 IR-1458 CMS-9024 Data Explorer MongoDB Data Finder Asset TSA (Time Synchronous Averaging) Spectrum viewer TSA (Time Synchronous Averaging) Waveform viewer NI Motor Current Signature Analysis Toolkit NI Electromagnetic Signature Analysis Toolkit CMS Spectral Alarms Asset tree,InsightCM
 SYSTEM IDENTIFICATION TOOLKIT PID AND FUZZY LOGIC TOOLKIT PID TOOLKIT FUZZY LOGIC,LV Controls Add-Ons
 LABVIEW EMBEDDED MODULE LV EMBEDDED MODULE ADI BLACKFIN EMBEDDED MODULE LABVIEW C GENERATOR,LV Embedded
 MATHSCRIPT MATHSCRIPT RT MATH INTERFACE TOOLKIT,LV MathScript RT
 NXG LV NXG LVNXG LABVIEW NXG NI PACKAGE MANAGER PACKAGE MANAGER NIPM,LV NXG
 LEGO MINDSTORMS NXT,LV NXT
 LVDSC DSC MODULE DATALOGGING AND SUPERVISORY EPICS CITADEL LV DSC MODBUS WITH DSC,LVDSC
 LV FPGA FPGA FPGA MODULE LVFPGA COMPILE CLOUD COMPILE COMPILE FARM FPGA INTERFACE C INTERFACE C API IEC 61131 INTERFACE UTILITY,LVFPGA
 RT EXECUTION TRACE TOOLKIT EXECUTION TRACE TOOLKIT REAL TIME REAL-TIME LVRT MODULE LABVIEW RT MODULE LABVIEW REAL TIME MODULE LV RT MODULE LV REAL TIME MODULE LV REAL TIME REAL TIME HYPERVISOR HYPERVISOR RT HYPERVISOR TIMESYNC TIME SYNC NI TIMESYNC LABVIEW DSP DSP MODULE DSP PCI-7030/6040E PCI-7030/6030E PCI-7030/6533 PCI-7041/6040E RT PXI-7030/6040E PXI-7030/6030E PXI-7030/6533 SPEEDY 33 SPEEDY33 FPT-1015 FPM-1017 TSM-1012 TSM-1015 TSM-1017 AMULET TOUCH SCREEN MONITOR,LVRT
 LabWindows/CVI LabWindows/CVI Enterprise Connectivity Toolset LabWindows/CVI PID Control Toolkit LabWindows/CVI Signal Processing Toolset LabWindows/CVI SPC Toolkit LabWindows/CVI Real-Time Module LABWINDOWS CVI,LabWindows_CVI
 NI MOTION FLEXMOTION VALUEMOTION MOTION SOFTMOTION MOTION CONTROL MODULE MOTION ASSISTANT MOTION CONTROL OPTION NI-MOTION PCI-7332 PCI-7334 PCI-7390 PCI-7342 PCI-7344 PCI-7352 PCI-7354 PCI-7356 PCI-7358 PXI-7332 PXI-7334 PXI-7342 PXI-7344 PXI-7352 PXI-7354 PXI-7356 PXI-7358 NI 9512 NI 9501 NI 9503 SISU 1004 NI 9502 NI 9505 NI 9514 NI 9516 AKM MOTOR UMI-7764 UMI-7772 UMI-7774 P70530 P70360 MID-7602 MID-7604 SMD-7610 SMD-7611 SMD-7612 SMD-7613 SMD-7614 SMD-7615 SMD-7616 SMD-7620 SMD-7621 P7000 NI 9505 MID-7652 MID-7654 EtherCAT AKD Analog AKD ENET-7344 FLEX100 FW-7344 MCA-7724 MOTION 68M-50F nuDrive-CF nuDrive-CX nuDrive-SX NU-STEP-PC PCI-7314 PCI-7324 PCI-FlexMotion PCI-Servo PCI-Step PC-Servo PC-Step PXI-7314 PXI-7324 PXI-STEP SHC68 STEP68-50 UMI-3A UMI-4A UMI-Flex UMI-7764,Motion
 USB-TC01 USB-6000 USB-6001 USB-6002 USB-6003 USB-6008 USB-6009 USB-6210 USB-6211 USB-6212 USB-6215 USB-6216 USB-6218 USB-6218 USB-6221 USB-6225 USB-6229 USB-6251 USB-6255 USB-6259 USB-6281 USB-6341 USB-6343 USB-6351 USB-6353 USB-6361 USB-6363 USB-6356 USB-6366 PCI-6010 PCI-6013 PCI-6014 PCI-6023E PCI-6024E PCI-6025E PCI-6030E PCI-MIO-16XE-10 PCI-6031E PCI-6032E PCI-6033E PCI-6034E PCI-6035E PCI-6036E PCI-6040E PCI-MIO-16E-4 PCI-6052E PCI-6070E PCI-MIO-16E-1 PCI-6071E PCI-MIO-16XE-50 PCI-6110 PCI-6111 PCI-6115 PCI-6120 PCI-6122 PCI-6123 PCI-6132 PCI-6133 PCI-6143 PCI-6154 PCI-6220 PCI-6221 PCI-6224 PCI-6225 PCI-6229 PCI-6230 PCI-6232 PCI-6233 PCI-6236 PCI-6238 PCI-6239 PCI-6250 PCI-6251 PCIe-6251 PCI-6254 PCI-6255 PCI-6259 PCIe-6259 PCI-6280 PCI-6281 PCI-6284 PCI-6289 PCIe-6320 PCIe-6321 PCIe-6323 PCIe-6341 PCIe-6343 PCIe-6351 PCIe-6353 PCIe-6361 PCIe-6363 PCIe-6374 PCIe-6376 NI-DAQ NI DAQ NI-DAQMX DAQMX DAQ PCI-6703 PCI-6704 PCI-6711 PCI-6713 PCI-6722 PCI-6723 PCI-6731 PCI-6733 PCIe-6738 PXI-6025E PXI-6030E PXI-6031E PXI-6040E PXI-6052E PXI-6070E PXI-6071E PXI-6115 PXI-6120 PXI-6122 PXI-6123 PXIe-6124 PXI-6132 PXI-6133 PXI-6143 PXI-6220 PXI-6221 PXI-6224 PXI-6225 PXI-6229 PXI-6230 PXI-6232 PXI-6233 PXI-6236 PXI-6238 PXI-6239 PXI-6250 PXI-6251 PXIe-6251 PXI-6254 PXI-6255 PXI-6259 PXIe-6259 PXI-6280 PXI-6281 PXI-6284 PXI-6289 PXIe-6341 PXIe-6345 PXIe-6355 PXIe-6356 PXIe-6358 PXIe-6361 PXIe-6363 PXIe-6365 PXIe-6366 PXIe-6368 PXIe-6375 PXIe-6376 PXIe-6378 PXI-6704 PXI-6711 PXI-6713 PXI-6722 PXI-6723 PXI-6733 PXIe-6738 PXIe-6739 cDAQ-9171 cDAQ-9174 cDAQ-9178 cDAQ-9179 cDAQ-9181 cDAQ-9184 cDAQ-9185 cDAQ-9188 cDAQ-9189 cDAQ-9191 cDAQ-9132 cDAQ-9133 cDAQ-9134 cDAQ-9135 cDAQ-9137 cDAQ-9138 cDAQ-9139 NI 9201 NI 9203 NI 9205 NI 9206 NI 9207 NI 9208 NI 9209 NI 9210 NI 9211 NI 9212 NI 9213 NI 9214 NI 9215 NI 9216 NI 9217 NI 9219 NI 9220 NI 9221 NI 9222 NI 9223 NI 9224 NI 9226 NI 9228 NI 9263 NI 9264 NI 9265 NI 9269 NI 9375 NI 9401 NI 9402 NI 9403 NI 9344 NI 9361 NI 9411 NI 9421 NI 9422 NI 9423 NI 9425 NI 9426 NI 9435 NI 9436 NI 9437 NI 9472 NI 9474 NI 9475 NI 9476 NI 9477 NI 9478 NI 9481 NI 9482 NI 9485 USB-9162 USB-9201 USB-9211A USB-9211 USB-9215A USB-9215 USB-9219 USB-9221 USB-9229 USB-9263 USB-9421 USB-9472 USB-9481 WLS-9163 WLS-9205 WLS-9206 WLS-9211 WLS-9213 WLS-9215 WLS-9219 WLS-PXI-6529 WLS-9421 WLS-9472 AT-AI-16XE-10 AT-MIO-16E-2 AT-MIO-16XE-10 AT-MIO-16XE-50 DAQCard-500 DAQCard-6024E DAQCard-6036E DAQCard-6062E DAQCard-6715 DAQPad-6015 DAQPad-6016 DAQPad-6020E PCI-1200 PXI-4204 PXI-4224 RTSI Bus Cables SH68-68-S BNC-2090 BNC-2110 BNC-2111 BNC-2115 BNC-2120 BNC-2121 CB-100 CB-50 CB-37F-LP CB-50LP CB-68LP CB-68LPR SC-2075 SC-2345 SC-2350 SCB-100 SCC-68 SCB-68 TB-2605 TB-2606 TB-2621 TB-2715 TBX-68 TBX-68S CF-6004 AT PLUS W95 AT PLUS WNT AT-6020/OEM1 AT-6022E AT-AO-10 AT-AO-6 AT-MIO-16 AT-MIO-16D AT-MIO-16DE-10 AT-MIO-16E-1 AT-MIO-16E-10 AT-MIO-16F-5 AT-MIO-16X AT-MIO-64E-3 AT-MIO-64F-5 BNC-2080 BNC-2081 CB50-LC CB50-LP DAQCard-1200 DAQCard-516 DAQCard-700 DAQCard-AI-16E-4 DAQCard-AI-16XE-50 DAQCard-AO-2DC DAQPad-1200 DAQPad-6052E DAQPad-6070E DAQPad-6713 DAQPad-MIO-16XE-50 LAB-LC LAB-NB LAB-PC+ LAB-PC-1200 LAB-PC-1200AI LAB-SE MC-MIO-16 NB-A2000 NB-A2100 NB-AO-6 NB-DSP2300 NB-DSP2301 NB-DSP2305 NB-MIO-16 NB-MIO-16X NB-PRL NEC-AI-16E-4 NEC-AI-16XE-50 NEC-MIO-16E-4 NEC-MIO-16XE-50 NI ELVIS PC-AO-2DC PCI-6222 PCI-MIO-16E-2 PC-LPM-16 PC-LPM-16PnP PXI-4200 PXI-6110E PXI-6111E PXI-6222 SB-A2200 SB-MIO-16E-4 SC-2070 SC-2071 SC-2072 TB-2565 NI ELVIS II NI ELVIS Analog Discovery myDAQ,MultifunctionDAQ
 VIDEO MEASUREMENT SUITE VMS VIDEOMASTER PICTURE QUALITY ANALYSIS PQA AUDIOMASTER ANALOG VIDEO GENERATOR DIGITAL VIDEO GENERATOR DIGAUDIO NI EDID NI CEC NI HPD PXIe-1491 BNC-2178 VideoCTU CB-2180 CB-2181 VideoSPX-i VideoSPX-o PXI-2172 VIDEOMUX DIFFERENTIAL VIDEO PROBE,Multimedia Test HW/SW
 MULTISIM,Multisim (EWB)
 UPDATE SERVICE NI UPDATE SERVICE,NI Update Service
 NI OPC OPC SERVER OPC,OPC Servers
 PXIe-4844 OPTICAL OSI,Optical (OSI)
 PXI CHASSIS PXIe-8135 PXI-8119 PXIe-8135RT PXI-8119RT PXI-8110RT PXI-8109RT PXIe-8880 PXIe-8820 COHERENT SOLUTIONS PXIe-8821 PXIe-8115 COHERENT OPTICAL PXIe-8840 MXI PXI-8115 NI 8352 PXI-8820 PXI-8102 PXIe-8115RT PXIe-8102RT PXI-8115RT PXI-8102RT PXIe-8101 PXI-8101 PXIe-8101RT PXI-8100RT PXI-8101RT PXIe-8133 PXIe-8108 PXIe-8106 PXIe-8105 PXIe-8102 PXI-8110 PXI-8109 PXI-8108 PXI-8106 PXI-8105 PXI-8104 PXI-8108RT PXIe-8130 PXIe-8130 RT PXIe-8133 RT RMC-8355 RMC-8354 PXI-8145 RT PXI-8146 RT PXI-8155 PXI-8156 PXI-8156B RT PXI-8170 PXI-8170/850 RT PXI-8173 PXI-8174 PXI-8175 PXI-8175 RT PXI-8176 PXI-8176 RT PXI-8183 PXI-8183 RT PXI-8184 PXI-8184 RT PXI-8185 PXI-8186 PXI-8186 RT PXI-8187 PXI-8187 RT PXI-8195 RT PXI-8196 RT PXI-8210 PXI-8211 PXI-8212 PXI-8214 PXI-8220 PXI-8221 PXI-8231 PXI-8234 PXI-8250 PXI-8320 PXI-8330 PXI-8331 PXI-8335 PXI-8336 PXI-8350 NI 8353 NI 8353 RT PCI-1588 PXI-1000B PXI-1002 PXI-1006 PXI-1010 PXI-1011 PXI-1020 PXI-1025 PXI-1031DC PXI-1033 PXI-1036 PXI-1036DC PXI-1042 PXI-1042Q PXI-1044 PXI-1045 PXI-1050 PXI-1052 PXI-1056 PXIe-1062Q PXIe-1065 PXIe-1066DC PXIe-1071 PXIe-1073 PXIe-1075 PXIe-1078 PXIe-1082 PXIe-1085 PXIe-1084 PXIe-8301 PXIe-1086 PXI-CardBus8310 PXI-ExpressCard8360 PXI-PCI8331 PXI-PCI8336 PXI-PCIe8361 PXI-PCIe8362 PXIe-PCIe8361 PXIe-PCIe8362 PXIe-8364 PXIe-PCIe8371 PXIe-PCIe8372 PXIe-8374 PXIe-PCIe8375 PXIe-PCIe8381 PXIe-8384 PXIe-8383MC PXIe-PCIe8388 PXIe-PCIe8389 PXIe-8398 PCIe-8398 PXIe-8394 O2EPXIe SWITCHPXIE VOAPXIE TRAYPXIE,"PXI Controllers, Chassis, MXI"
 PXI-6651 PXI-6652 PXI-6653 PXIe-6672 PXIe-6674T PXI-6682 PXI-6683 GREENFIELD PCI-1588 GFT9404 PXIE-3352,PXI Timing and Sync
 NI DCPOWER DCPOWER PXIE 4110 PXIE 4112 PXIE 4113 PXI 4130 PXI 4132 PXIE 4136 PXIE 4137 PXIE 4138 PXIE 4139 PXIE 4140 PXIE 4141 PXIE 4142 PXIE 4143 PXIE 4142 PXIE 4144 PXIE 4145 PXIE 4162 PXIE 4154 RMX-4104 RMX-4012 RMX-4104 RMX-4121 RMX-4120 RMX 412X RMX-4124 RMX-4125 RMX-4126 RMX-4127,Power Supplies and SMUs
 NI-9751 NI-9752 NI-9753 NI-9754 NI-9755 DIDS-2103 DIDS-2106 DIDS-2109 DIDS-2112 NI-9756 NI-9757 NI-9758 NI-9759 NI-9760 DCM-2301 DCM-2316,Powertrain Controls
 NI 8260 HDD-8261 HDD-8263 HDD-8264 HDD-8265,RAID
 PXI-5600 PXIe-5601 PXIe-5603 PXI-5610 PXIe-5611 PXI-5620 PXI-5621 PXI-1470 PXI-5660 PXI-5661 PXIe-5668R PXI-5670 PXI-5671 PXI-5672 PXIe-5663 PXIe-5665 PXIe-5673 PXIe-5630 PXI-5650 PXIe-5632 PXI-5651 PXI-5652 PXIe-5653 PXIe-5654 USB-5680 USB-5681 PXI-5690 PXI-5691 PXI-5695 USB-5683 USB-5684 PXIe-5644R PXIe-5645R PXIe-5646R PXIe-5840R PXIe-5820R PCI-5640R  PXIe-5641R  PXIe-5624R NI 9770 QUICKSYN Micropross MP500 TCL3 Micropross MP500 PT1-NFC RF NIGPS,RF
 SPECTRAL MEASUREMENTS TOOLKIT MODULATION TOOLKIT GPS TOOLKIT GPS/GLONASS TOOLKIT GSM TOOLKIT GSM/EDGE TOOLKIT WCDMA/HSPA+ TOOLKIT LTE TOOLKIT BLUETOOTH TOOLKIT ZIGBEE TOOLKIT WLAN TOOLKIT FIXED WIMAX TOOLKIT MOBILE WIMAX TOOLKIT FM/RDS TOOLKIT RFMX SPECAN DEMOD RFIC GPS GSM EDGE LTE BLUETOOTH ZIGBEE WLAN WIMAX,RF Software
" NI-RIO NI RIO RIO NI-COMPACTRIO NI COMPACTRIO COMPACTRIO R Series Multifunction RIO Industrial Communications for EtherCAT Electrical Power Suite CRIO 9002 CRIO 9004 CRIO 9012 CRIO 9014 CRIO 9022 CRIO 9023 CRIO 9024 CRIO 9025 CRIO 9052 CRIO 9101 CRIO 9102 CRIO 9103 CRIO 9104 CRIO 9111 CRIO 9112 CRIO 9113 CRIO 9114 CRIO 9116 CRIO 9146 CRIO 9147 CRIO 9148 CRIO 9149 CRIO 9030 CRIO 9031 CRIO 9032 CRIO 9033 CRIO 9034 CRIO 9035 CRIO 9036 CRIO 9037 CRIO 9038 CRIO 9039 CRIO 9063 CRIO 9064 CRIO 9065 CRIO 9066 CRIO 9067 CRIO 9068 CRIO 9072 CRIO 9073 CRIO 9074 CRIO 9075 CRIO 9076 CRIO 9081 CRIO 9082 CRIO 9083 CRIO 9035 CRIO 9039 REM 11100 REM 11102 REM 11115 REM 11120 REM 11152 REM 11154 REM 11175 REM 11178 REM 11180 REM 11190 CRIO 9151 CRIO 9154 CRIO 9155 CRIO 9157 CRIO 9159 PXI 7811R PCI 7811R PXI 7813R PCI 7813R PXI 7820R PCI 7820R PXI 7821R PCI 7821R PXI 7822R PCI 7822R PXI 7830R PCI 7830R PXI 7831R PCI 7831R PXI 7833R PCI 7833R PXI 7841R PCI 7841R PXI 7842R PCI 7842R PXI 7845R PCI 7845R PXI 7846R PCI 7846R PXI 7851R PCI 7851R PXI 7852R PCI 7852R PXI 7853R PCI 7853R PXI 7854R PCI 7854R PXI 7855R PCI 7855R PXI 7856R PCI 7856R PXI 7858R PCI 7858R PXIE 7867 PXIE 7868 SBRIO SB RIO CRIO SBRIO 9601 SBRIO 9602 SBRIO 9605 SBRIO 9606 SBRIO 9607 SBRIO 9611 SBRIO 9612 SBRIO 9623 SBRIO 9626 SBRIO 9627 SBRIO 9631 SBRIO 9632 SBRIO 9633 SBRIO 9636 SBRIO 9637 SBRIO 9641 SBRIO 9642 SBRIO 9262 SBRIO 9651 MYRIO MY RIO MYRIO 1900 MYRIO 1950 ROBORIO ADAPTER FOR MYRIO ELVIS III ELVIS 3 RIO (CRIO, R SERIES, FLEXRIO, SBRIO)",RIO
 PXI-4220 PXIE-4300 PXIE-4302 PXIE-4303 PXIE-4304 PXIE-4305 PXIE-4309 PXIE-4310 PXIE-4322 PXIE-4330 PXIE-4331 PXIE-4353 PXIE-4357 PXIE-4339 PXIE-4340 TB-4300 TB-4300B TB-4322 TB-4330 RM-24999 TB-4339 TB-4353 TC-4353 TB-4357 TB-4302 TB-4304 RM-4304,SC Express
 SCC-HD SCC-ICP SCC-PT SCC-PWR SCC-A10 SCC-ACC01 SCC-AI SCC-AO10 SCC-CI20 SCC-CO20 SCC-CTR01 SCC-DI01 SCC-DO01 SCC-FT01 SCC-FV01 SCC-LP SCC-RLY01 SCC-RTD01 SCC-SG SCC-SG24 SCC-TC,SCC
" SCXI-1200 SCXI-1307 SCXI-1311 SCXI-1340 SCXI-1341 SCXI-1342 SCXI-1345 SCXI-1347 SCXI-1350 SCXI-1356 SCXI-1361 SCXI-1381 SCXI-1384K SCXI-2000 SCXI-2350 SCXI-2400 SCXI-CTC8 SCXI-FRQ8 SCXI-MS100 SCXI-1100 SCXI-1102 SCXI-1102B SCXI-1102C SCXI-1104 SCXI-1104C SCXI-1112 SCXI-1120 SCXI-1120D SCXI-1121 SCXI-1122 SCXI-1124 SCXI-1125 SCXI-1126 SCXI-1140 SCXI-1141 SCXI-1142 SCXI-1143 SCXI-1300 SCXI-1303 SCXI-1308 SCXI-1310 SCXI-1300 SCXI-1310 SCXI-1305 SCXI-1320 SCXI-1327 SCXI-1328 SCXI-1330 SCXI-1305 SCXI-1320 SCXI-1321 SCXI-1327 SCXI-1322 SCXI-1325 SCXI-1305 SCXI-1313A SCXI-1320 SCXI-1327 SCXI-1328 SCXI-1305 SCXI-1320 SCXI-1330 SCXI-1338 SCXI-1301 SCXI-1304 SCXI-1305 SCXI-1304 SCXI-1305 SCXI-1310 BNC/TC-2095 TBX-1303 TBX-96 BNC/TC-2095 TBX-96 SCXI-1338 TBX-1316 TBX-1328 TBX-1329 SCXI-1328 SCXI-1330 TBX-1328 TBX-1329 TBX-1325 SCXI-1330 SCXI-1338 TBX-1316 TBX-1328 TBX-1329 TBX-1316 TBX-1328 TBX-1329 SCXI-1310 TBX-96 SCXI-1163 SCXI-1180 SCXI-1181 SCXI-1181K SCXI-1503 SCXI-1520 SCXI-1521 SCXI-1521B SCXI-1530 SCXI-1531 SCXI-1540 SCXI-1581 SCXI-1326 SCXI-1302 SCXI-1300 SCXI-1301 SCXI-1310 SCXI-1300 SCXI-1301 SCXI-1381K SCXI-1306 SCXI-1314 
 SCXI-1314T SCXI-1317 BNC-2096 SCXI-1315 TBX-96 TBX-1326 SCXI-1351 SCXI-1330 SCXI-1351 TBX-1303 SCXI-1000 SCXI-1000DC SCXI-1001 SCXI BUS EXTENDER SCXI RACK MOUNT SCXI RESISTOR TBX-24F TBX-RM1 SBS-96F SCXI-1343 SCXI-1346 SCXI-1349 SCXI-1352 SCXI-1353 SCXI-1355 SCXI-1357 SCXI-1358 SCXI-1360 SCXI-1373 SCXI-1374 SCXI-1382 SCXI-1383 SCXI-1600",SCXI
 SEMICONDUCTOR TEST SYSTEM SEMICONDUCTOR TEST STS TSM TESTSTAND SEMICONDUCTOR MODULE,STS
 AT-5102 DAQCard-5102 PCI-5102 PCI-5105 PCI-5112 PCI-5122 PCI-5124 PCI-5142 PCI-5152 PCI-5153 PCI-5154 PCI-5911 PCMCIA-5102 PXI-5102 PXI-5105 PXI-5112 PXI-5114 PXI-5122 PXI-5124 PXI-5142 PXI-5152 PXI-5153 PXI-5154 PXI-5900 PXI-5922 PXIe-5122 PXIe-5160 PXIe-5162 PXIe-5622 PXIe-5185 PXIe-5186 USB-5132 USB-5133,ScopesDigitizers
 NI SERIAL SERIAL NI-SERIAL AT-232 AT-232I AT-485 AT-485I ENET-232/2 ENET-232/4 ENET-485/2 ENET-485/4 ExpressCard-8420/2 ExpressCard-8421/2 PCI-232/2 PCI-232/4 PCI-232/8 PCI-232/16 PCI-232I/2 PCI-232I/4 PCI-485/2 PCI-485/4 PCI-485/8 PCI-485I/2 PCI-485I/4 PCI-8430/2 PCI-8430/4 PCI-8430/8 PCI-8430/16 PCI-8431/2 PCI-8431/4 PCI-8431/8 PCI-8432/2 PCI-8432/4 PCI-8433/2 PCI-8433/4 PCIe-8430/8 PCIe-8430/16 PCIe-8431/8 PCIe-8431/16 PCMCIA-232 PCMCIA-232/2 PCMCIA-232/4 PCMCIA-485 PCMCIA-485/2 PXI-8420/2 PXI-8420/4 PXI-8420/8 PXI-8420/16 PXI-8421/2 PXI-8421/4 PXI-8421/8 PXI-8422/2 PXI-8422/4 PXI-8423/2 PXI-8423/4 PXI-8430/2 PXI-8430/4 PXI-8430/8 PXI-8430/16 PXI-8431/2 PXI-8431/4 PXI-8431/8 PXI-8432/2 PXI-8432/4 PXI-8433/2 PXI-8433/4 PXIe-8430/8 PXIe-8430/16 PXIe-8431/8 PXIe-8431/16 Serial Cables USB-232 USB-232/2 USB-232/4 USB-485 USB-485/2 USB-485/4,Serial
 6B11 6B12 6B13 6B21 6B50 SC-2052 SC-2053 SC-2055 SC-2057 5B30 5B31 5B32 5B34 5B35 5B36 5B37 5B38 5B39 5B40 5B41 5B45 5B46 5B47 5B49 AMUX-64T CA-1000 ER-8/16 MCC USB-501 MCC USB-502 SC-2040 T/H SC-2042 RTD SC-2043 SG SC-2050 SC-2051 SC-2054 SC-2056 SC-2060 SC-2061 SC-2062 SC-2311,SignalCondOther
 PXIe-5451 SIGNAL EXPRESS SIGNALEXPRESS,SignalExpress
 PXI-7951R PXI-7952R PXI-7953R PXI-7954R PXIe-7961R PXIe-7962R PXIe-7965R PXIe-7966R PXIe-7971R PXIe-7972R PXIe-7975R PXIe-7976R PXIe-7911 NI 7931R PXIe-7912 NI 7932R PXIe-7915 NI 7935R NI-5731 NI-5732 NI-5733 NI-5734 NI-5751 NI-5752 NI-5761 NI-5762 PXIe-5763 PXIe-5764 NI-6581 NI-6583 NI-6584 NI-6585 NI-6587 NI 5791 NI 5792 NI 5793 NI 5781 NI 5782 NI 5783 NI 5771 NI 5772 NI 5741 NI 5742 AT-1120 AT-1212 PXIe-6591 PXIe-6592 PXIe-7902 ATCA-3671 PXIe-5164 PXIe-5170R PXIe-5171R PXIe-5172R SMA-2165 SMB-2145 SMB-2146 SMB-2147 SMB-2148 FLEXRIO,Software Defined Instruments
 SOUND AND VIBRATION TOOLKIT SOUND AND VIB TOOLKIT SOUND AND VIB DSA & DSG SOFT FRONT PANELS OCTAVE ANALYSIS TOOLKIT ORDER ANALYSIS TOOLKIT THIRD-OCTAVE ANALYSIS TOOLKIT SOUND VIBRATION,Sound and Vibration SW
 PXI-2586 PXI-2565 PXI-2564 PXI-2566 PXI-2523 PXI-2568 PXI-2570 PXI-2521 PXI-2571 PXI-2520 PXI-2522 PXI-2569 PXIe-2569 PXI-2501 PXI-2503 PXI-2529 PXIe-2529 PXI-2530B PXI-2533 PXI-2534 PXI-2531 PXIe-2531 PXI-2532B PXI-2532 PXIe-2532B PXIe-2532 SWB-2810 SWITCHBLOCK NI 2812 NI 2813 NI 2817 NI 2814 NI 2833 NI-2834 PXI-2535 PXI-2536 PXIe-2541 PXI-2540 PXIe-2540 PXI-2593 PXIe-2593 PXIe-2738 PXIe-2739 PXI-2585 PXI-2503 PXI-2501 PXIe-2584 PXIe-2526 PXIe-2524 PXIe-2525 PXI-2527 PXIe-2527 PXI-2576 PXIe-2737 PXI-2530B PXI-2575 PXIe-2575 PXI-2590 PXI-2594 PXI-2595 PXI-2593 PXIe-2593 PXi-2596 PXI-2597 PXI-2796 PXI-2797 PXI-2798 PXI-2799 PXI-2720 PXI-2722 PXIe-2725 PXIe-2727 PXI-2541 PXIe-2541 PXI-2540 PXIe-2540 PXI-2593 PXIe-2593 PXI-2594 PXI-2545 PXI-2546 PXI-2547 PXI-2548 PXIe-2549 PXI-2595 PXIe-2543 PXIe-2543 PXIe-2790 PXI-2596 PXIe-2597 PXIe-2598 PXI-2599 PXI-2796 PXI-2797 PXI-2798 PXI-2799 PXI-2554 PXI-2555 PXI-2556 PXI-2557 PXI-2558 PXI-2559 PXI-2510 PXI-2512 PXI-2512 PXIe-2512 PXI-2514 PXIe-2514 PXI-2515 PXIe-2515 PXI-2567 SCXI-1161 SCXI-1160 SCXI-1166 SCXI-1167 SCXI-1169 SCXI-1127 SCXI-1128 SCXI-1163R SCXI-1175 SCXI-1129 SCXI-1130 SCXI-1194 SCXI-1195 NI 2565 NI-2591 PCI-4021 PXI-2501 PXI-2503 PXI/PXIe-2515 PXI-2527 PXI-2529 PXI-2530 PXI-TB-2630 PXI-2590 PXI-2591 PXI-2593 PXI-2594 PXI-2595 PXI-2596 PXI-2597 PXI-2598 PXI-2599 PXI-4021 SCXI-1000 SCXI-1001 SCXI-1127 SCXI-1128 SCXI-1129 SCXI-1130 SCXI-1160 SCXI-1161 SCXI-1163R SCXI-1166 SCXI-1167 SCXI-1169 SCXI-1175 SCXI-1190 SCXI-1191 SCXI-1192 SCXI-1193 SCXI-1194 SCXI-1195 SCXI-1324 SCXI-1331 SCXI-1332 SCXI-1333 SCXI-1334 SCXI-1335 SCXI-1336 SCXI-1337 SCXI-1339 SCXI-1362 USB-1357 USB-1358 USB-1359 SPST SPDT Single pole single throw Single pole double throw Fault insertion topology FIU 1-wire switching mode 2-wire 4-wire Non-latching armature Relay niSwitch latching FET switch reed SwitchBlock matrix Density switching Solid state 512-crosspoint Hot switching Dry switching Carry current Switching current CAT I CAT II CAT III CAT IV NI-SWITCH SWITCH NI-SWITCH Soft Front Panel MUX Expansion Multiplexer,Switches
 SYSTEMLINK,SystemLink
 TestStand Deployment Utility,TestStand
 USRP-2900 USRP-2901 USRP-2920 USRP-2921 USRP-2922 USRP-2930 USRP-2932 USRP-2940R USRP-2942R USRP-2943R USRP-2944R USRP-2950R USRP-2952R USRP-2953R USRP-2954R CDA-2990,USRP
 ULTIBOARD,Ultiboard (EWB)
 VB-8012 VB-8034 VIRTUAL BENCH VBENCH,VBench
 AT-MXI AT-MXI-2 GPIB-VXI/C NB-MXI PCI-MXI-2 PCI-MXI-2 Flexframe SB-MXI VME-AT2000 VME-AT2015 VME-AT2100 VME-AT4010 VME-MC6000 VME-MXI-1 VME-MXI-2 VMEPC-650 OPTS VMEPC-650/166 VMEPC-650/233 VME-PCI8012 VME-PCI8015 VME-PCI8022 VME-PCI8026 VME-PCI8040 VME-PXI8012 VME-PXI8015 VME-PXI8022 VME-PXI8026 VME-PXI8040 VME-SB2020 VXI-1000 VXI-1200 FLEXFRAME VXI-1394 VXI-1411 VXI-1500 VXI-1501 VXI-2703 VXI-2727 VXI-5412 VXI-5912 VXI-8340 VXI-8345 VXI-8350 VXI-AO-48XDC VXI-AT4010 VXIcpu-030 VXI-DIO-128 VXI-MC6000 VXI-MIO VXI-MIO-64E-1 VXI-MIO-64XE-10 VXI-MXI-1 VXI-MXI-2 VXIpc-386 VXIpc-486 VXIpc-650/166 VXIpc-650/233 VXIpc-650 VXIpc-740 VXIpc-745 VXIpc-770 VXIpc-771 VXIpc-850 VXIpc-860/200 VXIpc-870/450 VXIpc-871 VXIpc-871B VXIpc-872 VXIpc-872B VXIpc-873 VXIpc-874B VXIpc-875B VXI-PCI8012 VXI-PCI8015 VXI-PCI8022 VXI-PCI8026 VXI-PCI8040 VXI-PCI8340 VXI-PCI8345 VXI-PXI8340 VXI-PXI8345 VXI-SB2020 VXI-SC-1000 VXI-SC-1102 VXI-SC-1150 VXI-TB-1000 VXI-TB-1303 VXI-TB-196 VXI-TB-2800 VXI-TB-2801 VXI-TB-2802 VXI-TB-296 VXI-TB-96 NI VXI VXI Versa Modular Eurocard VME extension NI-VXI VXI VXIbus Interactive Control VIC Resman VXI Interactive Control vxiinreg VXI Resource Manager Shared memory Bus master IACK* MXIbus vxiplug mainframe commander,VXI_MXI
 VERISTAND SIMULATION INTERFACE TOOLKIT MODEL INTERFACE TOOLKIT cPCI-5565PIORC Model in the loop MIL Software in the loop SIL Hardware in the loop HIL closed-loop UUT Test cell .nivsproj .nivssdf .nivsscreen .nivsstimprof .nivsseq System definition file Stimulus profile file Primary control loop PCL Model execution loop Custom device loop Data processing loop System explorer Model interface loop VeriStand Gateway VeriStand RT Engine Add Simulation Model Inports Outports Alarm monitor Model parameter manager Channel scaling Channel fault manager Macro recorder Macro player Stimulus profile editor Primitives Hardware-in-the-loop closed loop NI Engine Simulation Toolkit INERTIA Add-On for Closed-Loop Test Cell Applications VeriStand Operator System Software-in-the-loop RCP,VeriStand
 FLEXNET VLA VLM ACADEMIC SITE BATCH INSTALLER VOLUME LICENSE MANAGER LICENSE INSTALLER LICENSE FILE,VolumeLicenseMgr
 LV WSN WSN NI WSN NI-WSN WSN MODULE WIRELESS SENSOR NETWORK WSN-3202 WSN-3212 WSN-3214 WSN-3226 WSN-9791 WSN-9792,WSN
