Actual SR Type,Predicted
CAN,CAN
Calibration,SCXI
Calibration,Calibration
Calibration,Calibration
Calibration,RF
CAN,CAN
CAN,CAN
CAN,CAN
CAN,CAN
CAN,LabWindows_CVI
CAN,DSA HW
CAN,HighSpeedDigital_IO
CAN,CAN
CAN,CAN
CAN,CAN
CAN,CAN
CAN,CAN
CAN,CAN
CAN,CAN
CAN,CAN
CAN,CAN
CAN,VeriStand
CAN,CAN
CAN,CAN
CAN,CAN
CAN,CAN
CAN,CAN
CAN,CAN
CAN,CAN
CAN,CAN
CAN,CAN
CAN,CAN
CAN,CAN
CAN,RIO
CAN,RIO
CAN,CAN
CAN,RIO
CAN,CAN
CAN,VeriStand
CAN,CAN
CAN,CAN
CAN,CAN
CAN,Serial
CAN,CAN
CAN,CAN
CAN,CAN
CAN,GPIB
CAN,LabWindows_CVI
CAN,CAN
CAN,CAN
CAN,CAN
CAN,CAN
CAN,CAN
CAN,CAN
CAN,CAN
CAN,CAN
CAN,CAN
CAN,GPIB
CAN,CAN
CAN,Serial
CAN,CAN
CAN,CAN
CAN,TestStand
CAN,MultifunctionDAQ
CAN,GPIB
CAN,CAN
CAN,CAN
CAN,CAN
CAN,CAN
CAN,Serial
CAN,CAN
CAN,CAN
CAN,CAN
CAN,HighSpeedDigital_IO
CAN,CAN
CAN,CAN
CAN,CAN
CAN,CAN
CAN,TestStand
CAN,CAN
CAN,CAN
CAN,CAN
CAN,CAN
CAN,MStudioDotNet
CAN,CAN
CAN,CAN
CAN,CAN
CAN,RIO
CAN,MultifunctionDAQ
CAN,CAN
CAN,CAN
CAN,Serial
CAN,CAN
CAN,CAN
CAN,CAN
CAN,CAN
CAN,CAN
CAN,CAN
CAN,Serial
CAN,Serial
CAN,CAN
CAN,CAN
CAN,CAN
CAN,CAN
CAN,CAN
CAN,CAN
CAN,CAN
CAN,Industrial Communications
CAN,CAN
CAN,CAN
CAN,CAN
CAN,CAN
CAN,CAN
CAN,CAN
CAN,CAN
CAN,TestStand
CAN,CAN
CAN,CAN
CAN,CAN
CAN,CAN
CAN,LVDSC
CAN,CAN
CAN,CAN
CAN,CAN
CAN,CAN
CAN,Motion
CAN,CAN
CAN,CAN
CAN,LVDSC
CAN,CAN
CAN,CAN
CAN,CAN
CAN,Serial
CAN,CAN
CAN,CAN
CAN,CAN
CAN,CAN
CAN,CAN
CAN,CAN
CAN,CAN
CAN,CAN
CAN,CAN
CAN,CAN
CAN,CAN
CAN,CAN
CAN,CAN
CAN,CAN
CAN,CAN
CAN,CAN
CAN,CAN
CAN,CAN
CAN,CAN
CAN,CAN
CAN,CAN
CAN,CAN
CAN,CAN
CAN,Serial
CAN,CAN
CAN,CAN
CAN,ScopesDigitizers
CAN,CAN
CAN,CAN
CAN,CAN
CAN,CAN
CAN,GPIB
CAN,CAN
CAN,CAN
CAN,CAN
CAN,Serial
CAN,VolumeLicenseMgr
CAN,IMAQ
CAN,RIO
CAN,RIO
CAN,CAN
CAN,CAN
CAN,CAN
CAN,CAN
CAN,CAN
CAN,CAN
CAN,CAN
CAN,CAN
CAN,CAN
CAN,CAN
CAN,CAN
CAN,GPIB
CAN,MultifunctionDAQ
CAN,MultifunctionDAQ
CAN,CAN
CAN,CAN
CAN,VeriStand
CAN,CAN
CAN,Motion
CAN,Serial
CAN,RIO
CAN,CAN
CAN,CAN
CAN,CAN
CAN,RIO
CAN,CAN
CAN,CAN
CAN,CAN
CAN,RIO
CAN,CAN
CAN,CAN
CAN,VeriStand
CAN,CAN
CAN,CAN
CAN,CAN
CAN,LabWindows_CVI
CAN,CAN
CAN,LVDSC
CAN,LabWindows_CVI
CAN,CAN
CAN,CAN
CAN,RIO
CAN,CAN
CAN,CAN
CAN,CAN
CAN,CAN
CAN,Serial
CAN,CAN
CAN,CAN
CAN,CAN
CAN,CAN
CAN,CAN
CAN,RIO
CAN,GPIB
CAN,CAN
CAN,CAN
CAN,GPIB
CAN,CAN
CAN,CAN
CAN,IMAQ
CAN,CAN
CAN,LVDSC
CAN,CAN
CAN,CAN
CAN,CAN
CAN,TestStand
CAN,CAN
CAN,RIO
CAN,CAN
CAN,CAN
CAN,CAN
CAN,CAN
CAN,LVDSC
CAN,CAN
CAN,CAN
CAN,CAN
CAN,CAN
CAN,CAN
CAN,CAN
CAN,LVDSC
CAN,CAN
CAN,Motion
CAN,CAN
CAN,LabWindows_CVI
CAN,CAN
CAN,CAN
CAN,CAN
CAN,LabWindows_CVI
CAN,CAN
CAN,CAN
CAN,CAN
CAN,VeriStand
CAN,CAN
CAN,CAN
CAN,MultifunctionDAQ
CAN,CAN
CAN,CAN
CAN,LabWindows_CVI
CAN,CAN
CAN,CAN
CAN,VolumeLicenseMgr
CAN,CAN
CAN,CAN
CAN,Industrial Communications
CAN,CAN
CAN,CAN
CAN,"PXI Controllers, Chassis, MXI"
CAN,CAN
CAN,CAN
CAN,CAN
CAN,CAN
CAN,CAN
CAN,MultifunctionDAQ
CAN,CAN
CAN,CAN
CAN,CAN
CAN,RIO
CAN,CAN
CAN,CAN
CAN,CAN
CAN,CAN
CAN,CAN
CAN,CAN
CAN,CAN
CAN,CAN
CAN,CAN
CAN,GPIB
CAN,RIO
CAN,CAN
CAN,CAN
CAN,MStudioDotNet
CAN,GPIB
CAN,CAN
CAN,CAN
CAN,CAN
CAN,CAN
CAN,CAN
CAN,CAN
CAN,CAN
CAN,MStudioDotNet
CAN,CAN
CAN,Industrial Communications
CAN,CAN
CAN,CAN
CAN,CAN
CAN,CAN
CAN,CAN
CAN,CAN
CAN,CAN
CAN,CAN
CAN,CAN
CAN,CAN
CAN,HighSpeedDigital_IO
CAN,CAN
CAN,LVDSC
CAN,CAN
CAN,CAN
CAN,CAN
CAN,Motion
CAN,CAN
CAN,CAN
CAN,LVDSC
CAN,CAN
CAN,CAN
CAN,CAN
CAN,CAN
CAN,CAN
CAN,CAN
CAN,CAN
CAN,Serial
CAN,CAN
CAN,GPIB
CAN,CAN
CAN,CAN
CAN,CAN
CAN,LabWindows_CVI
CAN,CAN
CAN,CAN
CAN,CAN
CAN,CAN
CAN,GPIB
CAN,CAN
CAN,CAN
CAN,CAN
CAN,HighSpeedDigital_IO
CAN,CAN
CAN,CAN
CAN,CAN
CAN,CAN
CAN,CAN
CAN,CAN
CAN,CAN
CAN,CAN
CAN,CAN
CAN,MultifunctionDAQ
CAN,CAN
CAN,CAN
CAN,CAN
CAN,CAN
CAN,CAN
CAN,CAN
CAN,CAN
CAN,CAN
CAN,CAN
CAN,CAN
CAN,Digital_IO
CAN,CAN
CAN,CAN
CAN,CAN
CAN,CAN
CAN,CAN
CAN,CAN
CAN,MultifunctionDAQ
CAN,CAN
CAN,CAN
CAN,CAN
CAN,CAN
CAN,CAN
CAN,CAN
CAN,MStudioDotNet
CAN,CAN
CAN,CAN
CAN,MStudioDotNet
CAN,CAN
CAN,CAN
CAN,CAN
CAN,CAN
CAN,CAN
CAN,CAN
CAN,CAN
CAN,CAN
CAN,CAN
CAN,LVDSC
CAN,CAN
CAN,CAN
CAN,CAN
CAN,CAN
CAN,MultifunctionDAQ
CAN,CAN
CAN,CAN
CAN,CAN
CAN,TestStand
CAN,CAN
CAN,CAN
CAN,CAN
CAN,CAN
CAN,MultifunctionDAQ
CAN,GPIB
CAN,CAN
CAN,CAN
CAN,CAN
CAN,RIO
CAN,LabWindows_CVI
CAN,CAN
CAN,CAN
CAN,CAN
CAN,CAN
CAN,CAN
CAN,CAN
CAN,CAN
CAN,CAN
CAN,GPIB
CAN,CAN
CAN,Serial
CAN,CAN
CAN,CAN
CAN,CAN
CAN,CAN
CM C Series,DSA HW
CounterTimer,HighSpeedDigital_IO
CounterTimer,CounterTimer
CounterTimer,MultifunctionDAQ
CounterTimer,MStudioDotNet
CounterTimer,MultifunctionDAQ
DIAdem,DIAdem
DIAdem,DIAdem
DIAdem,DIAdem
DIAdem,DIAdem
DIAdem,DIAdem
DIAdem,DIAdem
DIAdem,DIAdem
DIAdem,DIAdem
DIAdem,DIAdem
DIAdem,DIAdem
Digital_IO,Digital_IO
Digital_IO,Digital_IO
Digital_IO,MultifunctionDAQ
Digital_IO,Digital_IO
Digital_IO,Digital_IO
Digital_IO,Digital_IO
Digital_IO,Digital_IO
DMM,DMM
DMM,DMM
DMM,DMM
DMM,DMM
DMM,VeriStand
DMM,DMM
DMM,DMM
DMM,MultifunctionDAQ
DMM,DMM
DSA HW,DSA HW
DSA HW,DSA HW
DSA HW,DSA HW
DSA HW,DSA HW
DSA HW,Digital_IO
DSA HW,DSA HW
DSA HW,DSA HW
FieldPoint,FieldPoint
FieldPoint,FieldPoint
FieldPoint,NI Update Service
FieldPoint,FieldPoint
FieldPoint,FieldPoint
FieldPoint,FieldPoint
FieldPoint,FieldPoint
FieldPoint,FieldPoint
FIRST (NIC Only),FIRST (NIC Only)
GPIB,GPIB
GPIB,GPIB
GPIB,GPIB
GPIB,GPIB
GPIB,GPIB
GPIB,GPIB
GPIB,Serial
GPIB,GPIB
GPIB,GPIB
GPIB,GPIB
GPIB,GPIB
GPIB,GPIB
GPIB,GPIB
GPIB,GPIB
GPIB,GPIB
GPIB,GPIB
GPIB,GPIB
GPIB,GPIB
GPIB,GPIB
GPIB,GPIB
GPIB,GPIB
GPIB,GPIB
GPIB,GPIB
GPIB,GPIB
GPIB,GPIB
GPIB,GPIB
GPIB,GPIB
GPIB,GPIB
GPIB,MStudioDotNet
GPIB,GPIB
GPIB,GPIB
GPIB,MStudioDotNet
GPIB,GPIB
GPIB,GPIB
GPIB,Serial
GPIB,MStudioDotNet
GPIB,GPIB
GPIB,GPIB
GPIB,GPIB
GPIB,GPIB
GPIB,GPIB
GPIB,GPIB
GPIB,GPIB
GPIB,GPIB
GPIB,Serial
GPIB,GPIB
GPIB,GPIB
GPIB,GPIB
GPIB,GPIB
GPIB,GPIB
GPIB,GPIB
GPIB,GPIB
GPIB,GPIB
GPIB,GPIB
GPIB,GPIB
GPIB,GPIB
GPIB,GPIB
GPIB,Serial
GPIB,GPIB
GPIB,GPIB
GPIB,GPIB
GPIB,GPIB
GPIB,MStudioDotNet
GPIB,GPIB
GPIB,CAN
GPIB,Serial
GPIB,GPIB
GPIB,GPIB
GPIB,LabWindows_CVI
GPIB,GPIB
GPIB,GPIB
GPIB,Serial
GPIB,GPIB
GPIB,GPIB
GPIB,GPIB
GPIB,GPIB
GPIB,GPIB
GPIB,GPIB
GPIB,Serial
GPIB,GPIB
GPIB,GPIB
GPIB,GPIB
GPIB,GPIB
GPIB,GPIB
GPIB,GPIB
GPIB,MStudioDotNet
GPIB,GPIB
GPIB,GPIB
GPIB,Serial
GPIB,GPIB
GPIB,GPIB
GPIB,GPIB
GPIB,GPIB
GPIB,GPIB
GPIB,GPIB
GPIB,GPIB
GPIB,GPIB
GPIB,GPIB
GPIB,GPIB
GPIB,GPIB
GPIB,GPIB
GPIB,GPIB
GPIB,GPIB
GPIB,FieldPoint
GPIB,DMM
GPIB,GPIB
GPIB,GPIB
GPIB,GPIB
GPIB,GPIB
GPIB,GPIB
GPIB,GPIB
GPIB,GPIB
GPIB,GPIB
GPIB,GPIB
GPIB,GPIB
GPIB,GPIB
GPIB,GPIB
GPIB,MStudioDotNet
GPIB,GPIB
GPIB,GPIB
GPIB,GPIB
GPIB,GPIB
GPIB,GPIB
GPIB,GPIB
GPIB,GPIB
GPIB,GPIB
GPIB,GPIB
GPIB,GPIB
GPIB,GPIB
GPIB,GPIB
GPIB,GPIB
GPIB,GPIB
GPIB,GPIB
GPIB,GPIB
GPIB,Serial
HighSpeedDigital_IO,HighSpeedDigital_IO
HighSpeedDigital_IO,HighSpeedDigital_IO
HighSpeedDigital_IO,HighSpeedDigital_IO
HighSpeedDigital_IO,HighSpeedDigital_IO
HighSpeedDigital_IO,HighSpeedDigital_IO
HighSpeedDigital_IO,HighSpeedDigital_IO
HighSpeedDigital_IO,HighSpeedDigital_IO
HighSpeedDigital_IO,HighSpeedDigital_IO
HighSpeedDigital_IO,HighSpeedDigital_IO
HighSpeedDigital_IO,HighSpeedDigital_IO
HighSpeedDigital_IO,HighSpeedDigital_IO
HighSpeedDigital_IO,HighSpeedDigital_IO
HighSpeedDigital_IO,HighSpeedDigital_IO
HMI and Industrial PCs,HMI and Industrial PCs
IMAQ,IMAQ
IMAQ,IMAQ
IMAQ,IMAQ
IMAQ,IMAQ
IMAQ,IMAQ
IMAQ,IMAQ
IMAQ,IMAQ
IMAQ,IMAQ
IMAQ,IMAQ
IMAQ,IMAQ
IMAQ,IMAQ
IMAQ,IMAQ
IMAQ,IMAQ
IMAQ,IMAQ
IMAQ,IMAQ
IMAQ,"PXI Controllers, Chassis, MXI"
IMAQ,IMAQ
IMAQ,IMAQ
IMAQ,IMAQ
IMAQ,IMAQ
IMAQ,IMAQ
IMAQ,IMAQ
IMAQ,MultifunctionDAQ
IMAQ,IMAQ
IMAQ,IMAQ
IMAQ,IMAQ
IMAQ,IMAQ
IMAQ,IMAQ
IMAQ,IMAQ
IMAQ,IMAQ
IMAQ,DIAdem
IMAQ,IMAQ
IMAQ,IMAQ
IMAQ,IMAQ
IMAQ,IMAQ
IMAQ,IMAQ
IMAQ,IMAQ
IMAQ,IMAQ
IMAQ,IMAQ
IMAQ,IMAQ
IMAQ,IMAQ
IMAQ,IMAQ
IMAQ,IMAQ
IMAQ,IMAQ
IMAQ,DSA HW
IMAQ,VolumeLicenseMgr
IMAQ,IMAQ
IMAQ,IMAQ
IMAQ,IMAQ
IMAQ,IMAQ
IMAQ,IMAQ
IMAQ,IMAQ
IMAQ,IMAQ
IMAQ,IMAQ
IMAQ,IMAQ
IMAQ,IMAQ
IMAQ,IMAQ
IMAQ,IMAQ
IMAQ,IMAQ
IMAQ,IMAQ
IMAQ,IMAQ
IMAQ,IMAQ
IMAQ,GPIB
IMAQ,IMAQ
IMAQ,IMAQ
IMAQ,IMAQ
IMAQ,IMAQ
IMAQ,IMAQ
IMAQ,IMAQ
IMAQ,IMAQ
IMAQ,IMAQ
IMAQ,IMAQ
IMAQ,IMAQ
IMAQ,IMAQ
IMAQ,IMAQ
IMAQ,IMAQ
IMAQ,IMAQ
IMAQ,IMAQ
IMAQ,IMAQ
IMAQ,IMAQ
IMAQ,IMAQ
IMAQ,IMAQ
IMAQ,IMAQ
IMAQ,IMAQ
IMAQ,IMAQ
IMAQ,IMAQ
IMAQ,IMAQ
IMAQ,IMAQ
IMAQ,IMAQ
IMAQ,IMAQ
IMAQ,IMAQ
IMAQ,IMAQ
IMAQ,IMAQ
IMAQ,RIO
IMAQ,IMAQ
IMAQ,IMAQ
IMAQ,IMAQ
IMAQ,IMAQ
IMAQ,IMAQ
IMAQ,IMAQ
IMAQ,IMAQ
IMAQ,IMAQ
IMAQ,IMAQ
IMAQ,IMAQ
IMAQ,IMAQ
IMAQ,IMAQ
IMAQ,IMAQ
IMAQ,IMAQ
IMAQ,IMAQ
IMAQ,IMAQ
IMAQ,IMAQ
IMAQ,IMAQ
IMAQ,IMAQ
IMAQ,IMAQ
IMAQ,IMAQ
IMAQ,IMAQ
IMAQ,IMAQ
IMAQ,IMAQ
IMAQ,IMAQ
IMAQ,IMAQ
IMAQ,MultifunctionDAQ
IMAQ,IMAQ
IMAQ,IMAQ
IMAQ,IMAQ
IMAQ,IMAQ
IMAQ,IMAQ
IMAQ,IMAQ
IMAQ,IMAQ
IMAQ,IMAQ
IMAQ,IMAQ
IMAQ,IMAQ
IMAQ,IMAQ
IMAQ,IMAQ
IMAQ,IMAQ
IMAQ,LabWindows_CVI
IMAQ,IMAQ
IMAQ,IMAQ
IMAQ,IMAQ
IMAQ,IMAQ
IMAQ,IMAQ
IMAQ,IMAQ
IMAQ,IMAQ
IMAQ,IMAQ
IMAQ,IMAQ
IMAQ,IMAQ
IMAQ,IMAQ
IMAQ,IMAQ
IMAQ,IMAQ
IMAQ,IMAQ
IMAQ,IMAQ
IMAQ,IMAQ
IMAQ,IMAQ
IMAQ,IMAQ
IMAQ,IMAQ
IMAQ,IMAQ
IMAQ,IMAQ
IMAQ,IMAQ
IMAQ,IMAQ
IMAQ,IMAQ
IMAQ,IMAQ
IMAQ,RIO
IMAQ,IMAQ
IMAQ,IMAQ
IMAQ,RIO
IMAQ,IMAQ
IMAQ,IMAQ
IMAQ,IMAQ
IMAQ,IMAQ
IMAQ,IMAQ
IMAQ,IMAQ
IMAQ,IMAQ
IMAQ,IMAQ
IMAQ,"PXI Controllers, Chassis, MXI"
IMAQ,IMAQ
IMAQ,IMAQ
IMAQ,IMAQ
IMAQ,IMAQ
IMAQ,IMAQ
IMAQ,IMAQ
IMAQ,IMAQ
IMAQ,IMAQ
IMAQ,IMAQ
IMAQ,IMAQ
IMAQ,IMAQ
IMAQ,IMAQ
IMAQ,IMAQ
IMAQ,IMAQ
IMAQ,IMAQ
IMAQ,IMAQ
IMAQ,IMAQ
IMAQ,IMAQ
IMAQ,IMAQ
IMAQ,IMAQ
IMAQ,IMAQ
IMAQ,IMAQ
IMAQ,IMAQ
IMAQ,IMAQ
IMAQ,IMAQ
IMAQ,IMAQ
IMAQ,IMAQ
IMAQ,IMAQ
IMAQ,Motion
IMAQ,IMAQ
IMAQ,IMAQ
IMAQ,IMAQ
IMAQ,IMAQ
IMAQ,IMAQ
IMAQ,RIO
IMAQ,IMAQ
IMAQ,IMAQ
IMAQ,IMAQ
IMAQ,IMAQ
IMAQ,IMAQ
IMAQ,IMAQ
IMAQ,IMAQ
IMAQ,IMAQ
IMAQ,IMAQ
IMAQ,IMAQ
IMAQ,IMAQ
IMAQ,IMAQ
IMAQ,IMAQ
IMAQ,Digital_IO
IMAQ,IMAQ
IMAQ,IMAQ
IMAQ,IMAQ
IMAQ,IMAQ
IMAQ,HighSpeedDigital_IO
IMAQ,IMAQ
IMAQ,IMAQ
IMAQ,IMAQ
IMAQ,IMAQ
IMAQ,IMAQ
IMAQ,IMAQ
IMAQ,IMAQ
IMAQ,IMAQ
IMAQ,IMAQ
IMAQ,IMAQ
IMAQ,IMAQ
IMAQ,IMAQ
IMAQ,IMAQ
IMAQ,TestStand
IMAQ,IMAQ
IMAQ,IMAQ
IMAQ,IMAQ
IMAQ,IMAQ
IMAQ,IMAQ
IMAQ,IMAQ
IMAQ,IMAQ
IMAQ,Digital_IO
IMAQ,Digital_IO
IMAQ,CAN
IMAQ,IMAQ
IMAQ,RIO
IMAQ,IMAQ
IMAQ,IMAQ
IMAQ,IMAQ
IMAQ,Digital_IO
IMAQ,"PXI Controllers, Chassis, MXI"
IMAQ,IMAQ
IMAQ,"PXI Controllers, Chassis, MXI"
IMAQ,MStudioDotNet
IMAQ,IMAQ
IMAQ,IMAQ
IMAQ,IMAQ
IMAQ,IMAQ
IMAQ,VolumeLicenseMgr
IMAQ,IMAQ
IMAQ,IMAQ
IMAQ,Digital_IO
IMAQ,IMAQ
IMAQ,MStudioDotNet
IMAQ,IMAQ
IMAQ,IMAQ
IMAQ,IMAQ
IMAQ,IMAQ
IMAQ,MStudioDotNet
IMAQ,IMAQ
IMAQ,IMAQ
IMAQ,IMAQ
IMAQ,IMAQ
IMAQ,IMAQ
IMAQ,IMAQ
IMAQ,IMAQ
IMAQ,VolumeLicenseMgr
IMAQ,IMAQ
IMAQ,TestStand
IMAQ,IMAQ
IMAQ,IMAQ
IMAQ,IMAQ
IMAQ,IMAQ
IMAQ,IMAQ
IMAQ,VolumeLicenseMgr
IMAQ,IMAQ
IMAQ,IMAQ
IMAQ,IMAQ
IMAQ,IMAQ
IMAQ,IMAQ
IMAQ,IMAQ
IMAQ,IMAQ
IMAQ,"PXI Controllers, Chassis, MXI"
IMAQ,Motion
IMAQ,IMAQ
IMAQ,IMAQ
IMAQ,IMAQ
IMAQ,IMAQ
IMAQ,DIAdem
IMAQ,RIO
IMAQ,IMAQ
IMAQ,IMAQ
IMAQ,IMAQ
IMAQ,IMAQ
IMAQ,IMAQ
IMAQ,IMAQ
IMAQ,IMAQ
IMAQ,MultifunctionDAQ
IMAQ,IMAQ
IMAQ,IMAQ
IMAQ,MStudioDotNet
IMAQ,IMAQ
IMAQ,LabWindows_CVI
IMAQ,IMAQ
IMAQ,IMAQ
IMAQ,IMAQ
IMAQ,IMAQ
IMAQ,IMAQ
IMAQ,GPIB
IMAQ,IMAQ
IMAQ,Industrial Communications
IMAQ,IMAQ
IMAQ,IMAQ
IMAQ,IMAQ
IMAQ,IMAQ
IMAQ,IMAQ
IMAQ,IMAQ
IMAQ,IMAQ
IMAQ,IMAQ
IMAQ,IMAQ
IMAQ,IMAQ
IMAQ,IMAQ
IMAQ,IMAQ
IMAQ,IMAQ
IMAQ,IMAQ
IMAQ,IMAQ
IMAQ,IMAQ
IMAQ,IMAQ
IMAQ,IMAQ
IMAQ,IMAQ
IMAQ,IMAQ
IMAQ,IMAQ
IMAQ,IMAQ
IMAQ,IMAQ
IMAQ,IMAQ
IMAQ,HighSpeedDigital_IO
IMAQ,IMAQ
IMAQ,IMAQ
IMAQ,IMAQ
IMAQ,IMAQ
IMAQ,IMAQ
IMAQ,IMAQ
IMAQ,IMAQ
IMAQ,IMAQ
IMAQ,IMAQ
IMAQ,IMAQ
IMAQ,IMAQ
IMAQ,IMAQ
IMAQ,IMAQ
IMAQ,IMAQ
IMAQ,IMAQ
IMAQ,IMAQ
IMAQ,IMAQ
IMAQ,IMAQ
IMAQ,IMAQ
IMAQ,IMAQ
IMAQ,IMAQ
IMAQ,IMAQ
IMAQ,IMAQ
IMAQ,IMAQ
IMAQ,IMAQ
IMAQ,IMAQ
IMAQ,IMAQ
IMAQ,IMAQ
IMAQ,IMAQ
IMAQ,IMAQ
IMAQ,IMAQ
IMAQ,IMAQ
IMAQ,IMAQ
IMAQ,IMAQ
IMAQ,IMAQ
IMAQ,IMAQ
IMAQ,IMAQ
IMAQ,IMAQ
IMAQ,IMAQ
IMAQ,IMAQ
IMAQ,IMAQ
IMAQ,IMAQ
IMAQ,IMAQ
IMAQ,IMAQ
IMAQ,IMAQ
IMAQ,IMAQ
IMAQ,IMAQ
IMAQ,IMAQ
IMAQ,IMAQ
IMAQ,IMAQ
IMAQ,IMAQ
IMAQ,IMAQ
IMAQ,IMAQ
IMAQ,IMAQ
IMAQ,IMAQ
IMAQ,IMAQ
IMAQ,IMAQ
IMAQ,IMAQ
IMAQ,IMAQ
IMAQ,IMAQ
IMAQ,IMAQ
IMAQ,IMAQ
IMAQ,IMAQ
IMAQ,IMAQ
IMAQ,IMAQ
IMAQ,IMAQ
IMAQ,IMAQ
IMAQ,IMAQ
IMAQ,IMAQ
IMAQ,IMAQ
IMAQ,IMAQ
IMAQ,IMAQ
IMAQ,MStudioDotNet
IMAQ,IMAQ
IMAQ,IMAQ
IMAQ,IMAQ
IMAQ,IMAQ
IMAQ,IMAQ
IMAQ,IMAQ
IMAQ,IMAQ
IMAQ,IMAQ
IMAQ,HighSpeedDigital_IO
IMAQ,IMAQ
IMAQ,IMAQ
IMAQ,IMAQ
IMAQ,IMAQ
IMAQ,IMAQ
IMAQ,IMAQ
IMAQ,Serial
IMAQ,IMAQ
IMAQ,IMAQ
IMAQ,IMAQ
IMAQ,IMAQ
IMAQ,IMAQ
IMAQ,IMAQ
IMAQ,IMAQ
IMAQ,IMAQ
IMAQ,GPIB
IMAQ,IMAQ
IMAQ,IMAQ
IMAQ,IMAQ
IMAQ,IMAQ
IMAQ,IMAQ
IMAQ,TestStand
IMAQ,IMAQ
IMAQ,IMAQ
IMAQ,IMAQ
IMAQ,IMAQ
IMAQ,IMAQ
IMAQ,IMAQ
IMAQ,IMAQ
IMAQ,IMAQ
IMAQ,IMAQ
IMAQ,IMAQ
IMAQ,IMAQ
IMAQ,"PXI Controllers, Chassis, MXI"
IMAQ,IMAQ
IMAQ,Motion
IMAQ,IMAQ
IMAQ,IMAQ
IMAQ,IMAQ
IMAQ,IMAQ
IMAQ,IMAQ
IMAQ,IMAQ
IMAQ,IMAQ
IMAQ,IMAQ
IMAQ,IMAQ
IMAQ,Multisim (EWB)
IMAQ,IMAQ
IMAQ,IMAQ
IMAQ,GPIB
IMAQ,IMAQ
IMAQ,IMAQ
IMAQ,TestStand
IMAQ,IMAQ
IMAQ,IMAQ
IMAQ,IMAQ
IMAQ,IMAQ
IMAQ,IMAQ
IMAQ,IMAQ
IMAQ,IMAQ
IMAQ,IMAQ
IMAQ,IMAQ
IMAQ,IMAQ
IMAQ,IMAQ
IMAQ,IMAQ
IMAQ,IMAQ
IMAQ,IMAQ
IMAQ,IMAQ
IMAQ,IMAQ
IMAQ,IMAQ
IMAQ,IMAQ
IMAQ,IMAQ
IMAQ,IMAQ
IMAQ,IMAQ
IMAQ,IMAQ
IMAQ,IMAQ
IMAQ,IMAQ
IMAQ,IMAQ
IMAQ,IMAQ
IMAQ,IMAQ
IMAQ,IMAQ
IMAQ,IMAQ
IMAQ,IMAQ
IMAQ,IMAQ
IMAQ,IMAQ
IMAQ,IMAQ
IMAQ,IMAQ
IMAQ,IMAQ
IMAQ,IMAQ
IMAQ,IMAQ
IMAQ,IMAQ
IMAQ,IMAQ
IMAQ,IMAQ
IMAQ,IMAQ
IMAQ,IMAQ
IMAQ,IMAQ
IMAQ,IMAQ
IMAQ,IMAQ
IMAQ,IMAQ
IMAQ,IMAQ
IMAQ,TestStand
IMAQ,IMAQ
IMAQ,IMAQ
IMAQ,IMAQ
IMAQ,IMAQ
IMAQ,IMAQ
IMAQ,IMAQ
IMAQ,IMAQ
IMAQ,IMAQ
LabWindows_CVI,LabWindows_CVI
LabWindows_CVI,Digital_IO
LabWindows_CVI,LabWindows_CVI
LabWindows_CVI,DIAdem
LabWindows_CVI,LabWindows_CVI
LabWindows_CVI,LabWindows_CVI
LabWindows_CVI,MultifunctionDAQ
LabWindows_CVI,LabWindows_CVI
LabWindows_CVI,LabWindows_CVI
LabWindows_CVI,MStudioDotNet
LabWindows_CVI,LVDSC
LabWindows_CVI,LabWindows_CVI
LabWindows_CVI,LabWindows_CVI
LabWindows_CVI,LabWindows_CVI
LabWindows_CVI,LabWindows_CVI
LabWindows_CVI,LabWindows_CVI
LabWindows_CVI,LabWindows_CVI
LabWindows_CVI,LabWindows_CVI
LabWindows_CVI,LabWindows_CVI
LabWindows_CVI,TestStand
LabWindows_CVI,LabWindows_CVI
LabWindows_CVI,LabWindows_CVI
LabWindows_CVI,MultifunctionDAQ
LabWindows_CVI,LabWindows_CVI
LabWindows_CVI,LabWindows_CVI
LabWindows_CVI,LabWindows_CVI
LabWindows_CVI,LabWindows_CVI
LabWindows_CVI,LabWindows_CVI
LabWindows_CVI,"PXI Controllers, Chassis, MXI"
LabWindows_CVI,LabWindows_CVI
LabWindows_CVI,Serial
LabWindows_CVI,LabWindows_CVI
LabWindows_CVI,LabWindows_CVI
LabWindows_CVI,LabWindows_CVI
LabWindows_CVI,LabWindows_CVI
LabWindows_CVI,LabWindows_CVI
LabWindows_CVI,LabWindows_CVI
LabWindows_CVI,CAN
LabWindows_CVI,LabWindows_CVI
LabWindows_CVI,LabWindows_CVI
LabWindows_CVI,LabWindows_CVI
LabWindows_CVI,LabWindows_CVI
LabWindows_CVI,LabWindows_CVI
LabWindows_CVI,LabWindows_CVI
LabWindows_CVI,LabWindows_CVI
LabWindows_CVI,LabWindows_CVI
LabWindows_CVI,LabWindows_CVI
LabWindows_CVI,LabWindows_CVI
LabWindows_CVI,LabWindows_CVI
LabWindows_CVI,LabWindows_CVI
LabWindows_CVI,LabWindows_CVI
Motion,Motion
Motion,RIO
Motion,Motion
Motion,Motion
Motion,Motion
Motion,Motion
Motion,Motion
Motion,Motion
Motion,Motion
Motion,Motion
Motion,Motion
Motion,Motion
Motion,Motion
Motion,Motion
Motion,Motion
Motion,Motion
MStudioDotNet,MStudioDotNet
MStudioDotNet,MStudioDotNet
MStudioDotNet,MStudioDotNet
MStudioDotNet,MStudioDotNet
MStudioDotNet,HighSpeedDigital_IO
MStudioDotNet,LabWindows_CVI
MStudioDotNet,MStudioDotNet
MStudioDotNet,MStudioDotNet
MStudioDotNet,MStudioDotNet
MStudioDotNet,MStudioDotNet
MStudioDotNet,MStudioDotNet
MStudioDotNet,MStudioDotNet
MStudioDotNet,MStudioDotNet
MStudioDotNet,MStudioDotNet
MStudioDotNet,MStudioDotNet
MStudioVisualBasic,MStudioDotNet
MultifunctionDAQ,Digital_IO
MultifunctionDAQ,MultifunctionDAQ
MultifunctionDAQ,MultifunctionDAQ
MultifunctionDAQ,HighSpeedDigital_IO
MultifunctionDAQ,MultifunctionDAQ
MultifunctionDAQ,MultifunctionDAQ
MultifunctionDAQ,MultifunctionDAQ
MultifunctionDAQ,MStudioDotNet
MultifunctionDAQ,MultifunctionDAQ
MultifunctionDAQ,MStudioDotNet
MultifunctionDAQ,MultifunctionDAQ
MultifunctionDAQ,DSA HW
MultifunctionDAQ,MultifunctionDAQ
MultifunctionDAQ,LabWindows_CVI
MultifunctionDAQ,Calibration
MultifunctionDAQ,MultifunctionDAQ
MultifunctionDAQ,Serial
MultifunctionDAQ,MultifunctionDAQ
MultifunctionDAQ,MultifunctionDAQ
MultifunctionDAQ,RIO
MultifunctionDAQ,MultifunctionDAQ
MultifunctionDAQ,SignalExpress
MultifunctionDAQ,MultifunctionDAQ
MultifunctionDAQ,Digital_IO
MultifunctionDAQ,MultifunctionDAQ
MultifunctionDAQ,Motion
MultifunctionDAQ,MultifunctionDAQ
MultifunctionDAQ,Digital_IO
MultifunctionDAQ,Serial
MultifunctionDAQ,MultifunctionDAQ
MultifunctionDAQ,DSA HW
MultifunctionDAQ,DSA HW
MultifunctionDAQ,MultifunctionDAQ
MultifunctionDAQ,Serial
MultifunctionDAQ,"PXI Controllers, Chassis, MXI"
MultifunctionDAQ,MultifunctionDAQ
MultifunctionDAQ,MultifunctionDAQ
MultifunctionDAQ,MultifunctionDAQ
MultifunctionDAQ,MStudioDotNet
MultifunctionDAQ,MultifunctionDAQ
MultifunctionDAQ,RIO
MultifunctionDAQ,MultifunctionDAQ
MultifunctionDAQ,DSA HW
MultifunctionDAQ,MultifunctionDAQ
MultifunctionDAQ,MultifunctionDAQ
MultifunctionDAQ,GPIB
MultifunctionDAQ,MultifunctionDAQ
MultifunctionDAQ,GPIB
MultifunctionDAQ,MStudioDotNet
MultifunctionDAQ,MStudioDotNet
MultifunctionDAQ,MultifunctionDAQ
MultifunctionDAQ,MultifunctionDAQ
MultifunctionDAQ,MultifunctionDAQ
MultifunctionDAQ,MultifunctionDAQ
MultifunctionDAQ,MultifunctionDAQ
MultifunctionDAQ,MultifunctionDAQ
MultifunctionDAQ,ScopesDigitizers
MultifunctionDAQ,LVDSC
MultifunctionDAQ,DSA HW
MultifunctionDAQ,MultifunctionDAQ
MultifunctionDAQ,MultifunctionDAQ
MultifunctionDAQ,MultifunctionDAQ
MultifunctionDAQ,MultifunctionDAQ
MultifunctionDAQ,Motion
MultifunctionDAQ,VolumeLicenseMgr
MultifunctionDAQ,Serial
MultifunctionDAQ,Calibration
MultifunctionDAQ,MultifunctionDAQ
MultifunctionDAQ,MultifunctionDAQ
MultifunctionDAQ,MultifunctionDAQ
MultifunctionDAQ,MultifunctionDAQ
MultifunctionDAQ,MultifunctionDAQ
MultifunctionDAQ,MultifunctionDAQ
MultifunctionDAQ,DSA HW
MultifunctionDAQ,GPIB
MultifunctionDAQ,RIO
MultifunctionDAQ,Calibration
MultifunctionDAQ,DSA HW
MultifunctionDAQ,MultifunctionDAQ
MultifunctionDAQ,DSA HW
MultifunctionDAQ,Serial
MultifunctionDAQ,LabWindows_CVI
MultifunctionDAQ,CM C Series
MultifunctionDAQ,GPIB
MultifunctionDAQ,Serial
MultifunctionDAQ,MultifunctionDAQ
MultifunctionDAQ,MultifunctionDAQ
MultifunctionDAQ,CM C Series
MultifunctionDAQ,DIAdem
MultifunctionDAQ,MultifunctionDAQ
MultifunctionDAQ,Digital_IO
MultifunctionDAQ,TestStand
MultifunctionDAQ,MultifunctionDAQ
MultifunctionDAQ,MultifunctionDAQ
MultifunctionDAQ,MultifunctionDAQ
MultifunctionDAQ,MultifunctionDAQ
MultifunctionDAQ,HighSpeedDigital_IO
MultifunctionDAQ,MultifunctionDAQ
MultifunctionDAQ,Digital_IO
MultifunctionDAQ,MStudioDotNet
MultifunctionDAQ,DSA HW
MultifunctionDAQ,DSA HW
MultifunctionDAQ,MultifunctionDAQ
MultifunctionDAQ,MultifunctionDAQ
MultifunctionDAQ,LVDSC
MultifunctionDAQ,MultifunctionDAQ
MultifunctionDAQ,HighSpeedDigital_IO
MultifunctionDAQ,MultifunctionDAQ
MultifunctionDAQ,GPIB
MultifunctionDAQ,MultifunctionDAQ
MultifunctionDAQ,MultifunctionDAQ
MultifunctionDAQ,RIO
MultifunctionDAQ,MultifunctionDAQ
MultifunctionDAQ,RIO
MultifunctionDAQ,GPIB
MultifunctionDAQ,MultifunctionDAQ
MultifunctionDAQ,MultifunctionDAQ
MultifunctionDAQ,MultifunctionDAQ
MultifunctionDAQ,MultifunctionDAQ
MultifunctionDAQ,MultifunctionDAQ
MultifunctionDAQ,MultifunctionDAQ
MultifunctionDAQ,MultifunctionDAQ
MultifunctionDAQ,MultifunctionDAQ
MultifunctionDAQ,Motion
MultifunctionDAQ,"PXI Controllers, Chassis, MXI"
MultifunctionDAQ,MultifunctionDAQ
MultifunctionDAQ,MultifunctionDAQ
MultifunctionDAQ,MultifunctionDAQ
MultifunctionDAQ,MultifunctionDAQ
MultifunctionDAQ,MultifunctionDAQ
MultifunctionDAQ,Digital_IO
MultifunctionDAQ,MultifunctionDAQ
MultifunctionDAQ,MultifunctionDAQ
MultifunctionDAQ,MultifunctionDAQ
MultifunctionDAQ,MultifunctionDAQ
MultifunctionDAQ,MultifunctionDAQ
MultifunctionDAQ,MultifunctionDAQ
MultifunctionDAQ,MultifunctionDAQ
MultifunctionDAQ,"PXI Controllers, Chassis, MXI"
MultifunctionDAQ,MultifunctionDAQ
MultifunctionDAQ,MultifunctionDAQ
MultifunctionDAQ,MultifunctionDAQ
MultifunctionDAQ,MultifunctionDAQ
MultifunctionDAQ,MultifunctionDAQ
MultifunctionDAQ,MultifunctionDAQ
MultifunctionDAQ,Digital_IO
MultifunctionDAQ,MultifunctionDAQ
MultifunctionDAQ,MultifunctionDAQ
MultifunctionDAQ,MultifunctionDAQ
MultifunctionDAQ,MStudioDotNet
MultifunctionDAQ,MultifunctionDAQ
MultifunctionDAQ,MultifunctionDAQ
MultifunctionDAQ,DSA HW
MultifunctionDAQ,RIO
MultifunctionDAQ,MultifunctionDAQ
MultifunctionDAQ,MultifunctionDAQ
MultifunctionDAQ,Serial
MultifunctionDAQ,Motion
MultifunctionDAQ,DSA HW
MultifunctionDAQ,DSA HW
MultifunctionDAQ,MultifunctionDAQ
MultifunctionDAQ,"PXI Controllers, Chassis, MXI"
MultifunctionDAQ,MultifunctionDAQ
MultifunctionDAQ,MultifunctionDAQ
MultifunctionDAQ,MultifunctionDAQ
MultifunctionDAQ,MultifunctionDAQ
MultifunctionDAQ,MultifunctionDAQ
MultifunctionDAQ,MultifunctionDAQ
MultifunctionDAQ,MultifunctionDAQ
MultifunctionDAQ,MultifunctionDAQ
MultifunctionDAQ,MultifunctionDAQ
MultifunctionDAQ,Motion
MultifunctionDAQ,MultifunctionDAQ
MultifunctionDAQ,Switches
MultifunctionDAQ,MultifunctionDAQ
MultifunctionDAQ,DSA HW
MultifunctionDAQ,MultifunctionDAQ
MultifunctionDAQ,"PXI Controllers, Chassis, MXI"
MultifunctionDAQ,MultifunctionDAQ
MultifunctionDAQ,MultifunctionDAQ
MultifunctionDAQ,MultifunctionDAQ
MultifunctionDAQ,MultifunctionDAQ
MultifunctionDAQ,DSA HW
MultifunctionDAQ,MultifunctionDAQ
MultifunctionDAQ,Serial
MultifunctionDAQ,MultifunctionDAQ
MultifunctionDAQ,Digital_IO
MultifunctionDAQ,MultifunctionDAQ
MultifunctionDAQ,MultifunctionDAQ
MultifunctionDAQ,"PXI Controllers, Chassis, MXI"
MultifunctionDAQ,DSA HW
MultifunctionDAQ,MultifunctionDAQ
MultifunctionDAQ,Motion
MultifunctionDAQ,MultifunctionDAQ
MultifunctionDAQ,VeriStand
MultifunctionDAQ,RF
MultifunctionDAQ,MultifunctionDAQ
MultifunctionDAQ,MultifunctionDAQ
MultifunctionDAQ,MultifunctionDAQ
MultifunctionDAQ,MultifunctionDAQ
MultifunctionDAQ,MultifunctionDAQ
MultifunctionDAQ,MultifunctionDAQ
MultifunctionDAQ,MultifunctionDAQ
MultifunctionDAQ,MultifunctionDAQ
MultifunctionDAQ,MultifunctionDAQ
Multimedia Test HW/SW,TestStand
Multimedia Test HW/SW,IMAQ
Multimedia Test HW/SW,TestStand
Multimedia Test HW/SW,IMAQ
Multisim (EWB),VolumeLicenseMgr
Multisim (EWB),Multisim (EWB)
Power Supplies and SMUs,Power Supplies and SMUs
Power Supplies and SMUs,Serial
Power Supplies and SMUs,LabWindows_CVI
Power Supplies and SMUs,Power Supplies and SMUs
"PXI Controllers, Chassis, MXI",ScopesDigitizers
"PXI Controllers, Chassis, MXI","PXI Controllers, Chassis, MXI"
"PXI Controllers, Chassis, MXI",VeriStand
"PXI Controllers, Chassis, MXI","PXI Controllers, Chassis, MXI"
"PXI Controllers, Chassis, MXI",RIO
"PXI Controllers, Chassis, MXI","PXI Controllers, Chassis, MXI"
"PXI Controllers, Chassis, MXI","PXI Controllers, Chassis, MXI"
"PXI Controllers, Chassis, MXI",MultifunctionDAQ
"PXI Controllers, Chassis, MXI","PXI Controllers, Chassis, MXI"
"PXI Controllers, Chassis, MXI","PXI Controllers, Chassis, MXI"
"PXI Controllers, Chassis, MXI","PXI Controllers, Chassis, MXI"
"PXI Controllers, Chassis, MXI","PXI Controllers, Chassis, MXI"
"PXI Controllers, Chassis, MXI",SCXI
"PXI Controllers, Chassis, MXI","PXI Controllers, Chassis, MXI"
"PXI Controllers, Chassis, MXI","PXI Controllers, Chassis, MXI"
"PXI Controllers, Chassis, MXI","PXI Controllers, Chassis, MXI"
"PXI Controllers, Chassis, MXI","PXI Controllers, Chassis, MXI"
"PXI Controllers, Chassis, MXI",DIAdem
"PXI Controllers, Chassis, MXI",MStudioDotNet
"PXI Controllers, Chassis, MXI",Digital_IO
"PXI Controllers, Chassis, MXI","PXI Controllers, Chassis, MXI"
"PXI Controllers, Chassis, MXI","PXI Controllers, Chassis, MXI"
"PXI Controllers, Chassis, MXI","PXI Controllers, Chassis, MXI"
"PXI Controllers, Chassis, MXI",RF
"PXI Controllers, Chassis, MXI",Motion
"PXI Controllers, Chassis, MXI","PXI Controllers, Chassis, MXI"
"PXI Controllers, Chassis, MXI","PXI Controllers, Chassis, MXI"
"PXI Controllers, Chassis, MXI","PXI Controllers, Chassis, MXI"
"PXI Controllers, Chassis, MXI","PXI Controllers, Chassis, MXI"
"PXI Controllers, Chassis, MXI","PXI Controllers, Chassis, MXI"
"PXI Controllers, Chassis, MXI",Motion
"PXI Controllers, Chassis, MXI","PXI Controllers, Chassis, MXI"
"PXI Controllers, Chassis, MXI",PXI Timing and Sync
"PXI Controllers, Chassis, MXI","PXI Controllers, Chassis, MXI"
PXI Timing and Sync,"PXI Controllers, Chassis, MXI"
PXI Timing and Sync,PXI Timing and Sync
PXI Timing and Sync,PXI Timing and Sync
RAID,"PXI Controllers, Chassis, MXI"
RAID,Motion
RF,ScopesDigitizers
RF,RF
RF,GPIB
RF,RF
RF,RF
RF,RF
RF,RF
RF,RF
RF,RF
RF,RF
RF,RF
RF,RF
RF,RF
RF,GPIB
RF,RF
RF,RF
RF ,ScopesDigitizers
RIO,RIO
RIO,RIO
RIO,RIO
RIO,RIO
RIO,RIO
RIO,RIO
RIO,RIO
RIO,MultifunctionDAQ
RIO,MultifunctionDAQ
RIO,RIO
RIO,RIO
RIO,RIO
RIO,RIO
RIO,RIO
RIO,VeriStand
RIO,RIO
RIO,RIO
RIO,RIO
RIO,RIO
RIO,DIAdem
RIO,MultifunctionDAQ
RIO,"PXI Controllers, Chassis, MXI"
RIO,RIO
RIO,RIO
RIO,RIO
RIO,LVDSC
RIO,RIO
RIO,TestStand
RIO,VeriStand
RIO,IMAQ
RIO,"PXI Controllers, Chassis, MXI"
RIO,RIO
RIO,VeriStand
RIO,RIO
RIO,RIO
RIO,RIO
RIO,Serial
RIO,RIO
RIO,"PXI Controllers, Chassis, MXI"
RIO,RIO
RIO,RIO
RIO,RIO
RIO,LVDSC
RIO,LVDSC
RIO,VeriStand
RIO,RIO
RIO,Serial
RIO,RIO
RIO,RIO
RIO,LabWindows_CVI
RIO,RIO
RIO,LVDSC
RIO,RIO
RIO,"PXI Controllers, Chassis, MXI"
RIO,IMAQ
RIO,VeriStand
RIO,RIO
RIO,DIAdem
RIO,"PXI Controllers, Chassis, MXI"
RIO,LVDSC
RIO,IMAQ
RIO,RIO
RIO,RIO
RIO,RIO
RIO,RIO
RIO,RIO
RIO,RIO
RIO,RIO
RIO,Motion
RIO,RIO
RIO,RIO
RIO,RIO
RIO,RIO
RIO,RIO
RIO,RIO
RIO,RIO
RIO,LVDSC
RIO,RIO
RIO,RIO
RIO,RIO
RIO,RIO
RIO,RIO
RIO,RIO
RIO,RIO
RIO,RIO
RIO,RIO
RIO,RIO
RIO,RIO
RIO,RIO
RIO,RIO
RIO,RIO
RIO,RIO
RIO,FieldPoint
RIO,RIO
RIO,RIO
RIO,RIO
RIO,RIO
RIO,RIO
RIO,RIO
RIO,RIO
RIO,RIO
RIO,RIO
RIO,RIO
RIO,RIO
RIO,"PXI Controllers, Chassis, MXI"
RIO,RIO
RIO,RIO
RIO,RIO
RIO,Motion
RIO,RIO
RIO,RIO
RIO,"PXI Controllers, Chassis, MXI"
RIO,RIO
RIO,RIO
RIO,RIO
RIO,RIO
RIO,RIO
RIO,"PXI Controllers, Chassis, MXI"
RIO,RIO
RIO,RIO
RIO,RIO
RIO,RIO
RIO,RIO
RIO,RIO
RIO,Serial
RIO,RIO
RIO,RIO
RIO,Motion
RIO,RIO
RIO,HighSpeedDigital_IO
RIO,RIO
RIO,CAN
RIO,RIO
RIO,RIO
RIO,RIO
SCC,DSA HW
ScopesDigitizers,ScopesDigitizers
ScopesDigitizers,ScopesDigitizers
ScopesDigitizers,ScopesDigitizers
ScopesDigitizers,ScopesDigitizers
ScopesDigitizers,HighSpeedDigital_IO
ScopesDigitizers,GPIB
ScopesDigitizers,ScopesDigitizers
ScopesDigitizers,ScopesDigitizers
ScopesDigitizers,ScopesDigitizers
ScopesDigitizers,SignalExpress
ScopesDigitizers,ScopesDigitizers
SCXI,SCXI
SCXI,SCXI
SCXI,SCXI
SCXI,SCXI
SCXI,SCXI
SCXI,SCXI
SCXI,SignalExpress
SCXI,SCXI
SCXI,SCXI
SCXI,SCXI
Serial,Serial
Serial,Serial
Serial,Serial
Serial,Serial
Serial,Serial
Serial,Serial
Serial,Serial
Serial,Serial
Serial,Serial
Serial,Serial
SignalExpress,DIAdem
SignalExpress,SignalExpress
SignalExpress,SignalExpress
SignalExpress,SignalExpress
SignalExpress,SignalExpress
SignalExpress,SignalExpress
SignalExpress,SignalExpress
SignalExpress,DIAdem
SignalExpress,MultifunctionDAQ
SignalExpress,TestStand
SignalExpress,SignalExpress
SignalExpress,MultifunctionDAQ
SignalExpress,CM C Series
SignalExpress,VeriStand
SignalExpress,DIAdem
SignalExpress,SignalExpress
SignalExpress,HighSpeedDigital_IO
SignalExpress,SignalExpress
Sound and Vibration SW,Sound and Vibration SW
Switches,Switches
Switches,Switches
Switches,Switches
Switches,Switches
Switches,"PXI Controllers, Chassis, MXI"
Switches,Switches
Switches,Switches
Switches,GPIB
Switches,LabWindows_CVI
Switches,SCXI
Switches,Switches
TestStand,TestStand
TestStand,TestStand
TestStand,TestStand
TestStand,TestStand
TestStand,TestStand
TestStand,TestStand
TestStand,TestStand
TestStand,TestStand
TestStand,TestStand
TestStand,TestStand
TestStand,TestStand
TestStand,TestStand
TestStand,Serial
TestStand,TestStand
TestStand,TestStand
TestStand,TestStand
TestStand,TestStand
TestStand,TestStand
TestStand,TestStand
TestStand,TestStand
TestStand,TestStand
TestStand,TestStand
TestStand,TestStand
TestStand,TestStand
TestStand,TestStand
TestStand,HighSpeedDigital_IO
TestStand,TestStand
TestStand,TestStand
TestStand,VolumeLicenseMgr
TestStand,TestStand
TestStand,TestStand
TestStand,TestStand
TestStand,TestStand
TestStand,TestStand
TestStand,TestStand
TestStand,TestStand
TestStand,TestStand
TestStand,TestStand
TestStand,Multisim (EWB)
TestStand,TestStand
TestStand,TestStand
TestStand,TestStand
TestStand,TestStand
VeriStand,VeriStand
VeriStand,CAN
VeriStand,VeriStand
VeriStand,CAN
VeriStand,CAN
VeriStand,VeriStand
VeriStand,VeriStand
VeriStand,VeriStand
VeriStand,VeriStand
VeriStand,VeriStand
VeriStand,VeriStand
VeriStand,VeriStand
VeriStand,Switches
VeriStand,VeriStand
VeriStand,VeriStand
VeriStand,VeriStand
VeriStand,RIO
VeriStand,VeriStand
VeriStand,VeriStand
VeriStand,TestStand
VeriStand,VeriStand
VeriStand,VeriStand
VeriStand,VeriStand
VolumeLicenseMgr,VolumeLicenseMgr
VolumeLicenseMgr,VolumeLicenseMgr
VolumeLicenseMgr,VolumeLicenseMgr
VolumeLicenseMgr,VolumeLicenseMgr
VolumeLicenseMgr,VolumeLicenseMgr
VolumeLicenseMgr,VolumeLicenseMgr
VolumeLicenseMgr,VolumeLicenseMgr
VolumeLicenseMgr,VolumeLicenseMgr
VolumeLicenseMgr,VolumeLicenseMgr
VolumeLicenseMgr,VolumeLicenseMgr
VolumeLicenseMgr,VolumeLicenseMgr
VolumeLicenseMgr,IMAQ
VolumeLicenseMgr,VolumeLicenseMgr
VolumeLicenseMgr,VolumeLicenseMgr
VolumeLicenseMgr,VolumeLicenseMgr
VolumeLicenseMgr,VolumeLicenseMgr
VolumeLicenseMgr,VolumeLicenseMgr
VolumeLicenseMgr,VolumeLicenseMgr
VolumeLicenseMgr,VolumeLicenseMgr
VolumeLicenseMgr,VolumeLicenseMgr
VolumeLicenseMgr,VolumeLicenseMgr
VolumeLicenseMgr,VolumeLicenseMgr
VolumeLicenseMgr,VolumeLicenseMgr
VolumeLicenseMgr,Multisim (EWB)
VolumeLicenseMgr,Multisim (EWB)
VolumeLicenseMgr,VolumeLicenseMgr
VolumeLicenseMgr,VolumeLicenseMgr
VolumeLicenseMgr,VolumeLicenseMgr
VolumeLicenseMgr,VolumeLicenseMgr
VolumeLicenseMgr,VolumeLicenseMgr
VolumeLicenseMgr,VolumeLicenseMgr
VolumeLicenseMgr,VolumeLicenseMgr
VolumeLicenseMgr,RIO
VolumeLicenseMgr,VolumeLicenseMgr
VolumeLicenseMgr,VolumeLicenseMgr
VolumeLicenseMgr,VolumeLicenseMgr
VolumeLicenseMgr,VolumeLicenseMgr
VolumeLicenseMgr,VolumeLicenseMgr
VolumeLicenseMgr,VolumeLicenseMgr
VolumeLicenseMgr,VolumeLicenseMgr
VolumeLicenseMgr,VolumeLicenseMgr
VolumeLicenseMgr,VolumeLicenseMgr
VolumeLicenseMgr,LVDSC
VolumeLicenseMgr,LV MathScript RT
VolumeLicenseMgr,VolumeLicenseMgr
VolumeLicenseMgr,VolumeLicenseMgr
VolumeLicenseMgr,VolumeLicenseMgr
VolumeLicenseMgr,VolumeLicenseMgr
VolumeLicenseMgr,VolumeLicenseMgr
VolumeLicenseMgr,VolumeLicenseMgr
VolumeLicenseMgr,VolumeLicenseMgr
VolumeLicenseMgr,VolumeLicenseMgr
VolumeLicenseMgr,VolumeLicenseMgr
VolumeLicenseMgr,VolumeLicenseMgr
VolumeLicenseMgr,VolumeLicenseMgr
VolumeLicenseMgr,RIO
VolumeLicenseMgr,VolumeLicenseMgr
VolumeLicenseMgr,MStudioDotNet
VolumeLicenseMgr,VolumeLicenseMgr
VolumeLicenseMgr,VolumeLicenseMgr
VolumeLicenseMgr,VolumeLicenseMgr
VolumeLicenseMgr,VolumeLicenseMgr
VolumeLicenseMgr,VolumeLicenseMgr
VolumeLicenseMgr,VolumeLicenseMgr
VolumeLicenseMgr,VolumeLicenseMgr
VolumeLicenseMgr,VolumeLicenseMgr
VolumeLicenseMgr,VolumeLicenseMgr
VolumeLicenseMgr,LVDSC
VolumeLicenseMgr,VolumeLicenseMgr
VolumeLicenseMgr,VolumeLicenseMgr
VolumeLicenseMgr,VolumeLicenseMgr
VolumeLicenseMgr,Multisim (EWB)
VolumeLicenseMgr,VolumeLicenseMgr
VolumeLicenseMgr,VolumeLicenseMgr
VolumeLicenseMgr,VolumeLicenseMgr
VolumeLicenseMgr,VolumeLicenseMgr
VolumeLicenseMgr,VolumeLicenseMgr
VolumeLicenseMgr,VolumeLicenseMgr
VolumeLicenseMgr,VolumeLicenseMgr
VolumeLicenseMgr,VolumeLicenseMgr
VolumeLicenseMgr,VolumeLicenseMgr
VolumeLicenseMgr,VolumeLicenseMgr
VolumeLicenseMgr,VolumeLicenseMgr
VolumeLicenseMgr,VolumeLicenseMgr
VolumeLicenseMgr,VolumeLicenseMgr
VolumeLicenseMgr,MStudioDotNet
VolumeLicenseMgr,VolumeLicenseMgr
VolumeLicenseMgr,VolumeLicenseMgr
VolumeLicenseMgr,VolumeLicenseMgr
VolumeLicenseMgr,VolumeLicenseMgr
VolumeLicenseMgr,VolumeLicenseMgr
VolumeLicenseMgr,VolumeLicenseMgr
VolumeLicenseMgr,VolumeLicenseMgr
VolumeLicenseMgr,VolumeLicenseMgr
VolumeLicenseMgr,VolumeLicenseMgr
VolumeLicenseMgr,VolumeLicenseMgr
VolumeLicenseMgr,VolumeLicenseMgr
VolumeLicenseMgr,VolumeLicenseMgr
VolumeLicenseMgr,VolumeLicenseMgr
VolumeLicenseMgr,VolumeLicenseMgr
VolumeLicenseMgr,LVDSC
VolumeLicenseMgr,VolumeLicenseMgr
VolumeLicenseMgr,RIO
VolumeLicenseMgr,VolumeLicenseMgr
VolumeLicenseMgr,VolumeLicenseMgr
VolumeLicenseMgr,VolumeLicenseMgr
VolumeLicenseMgr,VolumeLicenseMgr
VolumeLicenseMgr,VolumeLicenseMgr
VolumeLicenseMgr,VolumeLicenseMgr
VolumeLicenseMgr,VolumeLicenseMgr
VolumeLicenseMgr,VolumeLicenseMgr
VolumeLicenseMgr,VolumeLicenseMgr
VolumeLicenseMgr,VolumeLicenseMgr
VolumeLicenseMgr,VolumeLicenseMgr
VolumeLicenseMgr,VolumeLicenseMgr
VolumeLicenseMgr,VolumeLicenseMgr
VolumeLicenseMgr,VolumeLicenseMgr
VolumeLicenseMgr,VolumeLicenseMgr
VolumeLicenseMgr,VolumeLicenseMgr
VolumeLicenseMgr,VolumeLicenseMgr
VolumeLicenseMgr,VolumeLicenseMgr
VolumeLicenseMgr,VolumeLicenseMgr
VolumeLicenseMgr,VolumeLicenseMgr
VolumeLicenseMgr,VolumeLicenseMgr
VolumeLicenseMgr,VolumeLicenseMgr
VolumeLicenseMgr,VolumeLicenseMgr
VolumeLicenseMgr,VolumeLicenseMgr
VolumeLicenseMgr,VolumeLicenseMgr
VolumeLicenseMgr,VolumeLicenseMgr
VolumeLicenseMgr,VolumeLicenseMgr
VolumeLicenseMgr,VolumeLicenseMgr
VolumeLicenseMgr,MStudioDotNet
VolumeLicenseMgr,VolumeLicenseMgr
VolumeLicenseMgr,VolumeLicenseMgr
VolumeLicenseMgr,VolumeLicenseMgr
VolumeLicenseMgr,VolumeLicenseMgr
VolumeLicenseMgr,VolumeLicenseMgr
VolumeLicenseMgr,VolumeLicenseMgr
VolumeLicenseMgr,VolumeLicenseMgr
VolumeLicenseMgr,VolumeLicenseMgr
VolumeLicenseMgr,VolumeLicenseMgr
VolumeLicenseMgr,VolumeLicenseMgr
VolumeLicenseMgr,VolumeLicenseMgr
VolumeLicenseMgr,VolumeLicenseMgr
VolumeLicenseMgr,VolumeLicenseMgr
VolumeLicenseMgr,VolumeLicenseMgr
VolumeLicenseMgr,VolumeLicenseMgr
VolumeLicenseMgr,VolumeLicenseMgr
VolumeLicenseMgr,VolumeLicenseMgr
VolumeLicenseMgr,VolumeLicenseMgr
VolumeLicenseMgr,VolumeLicenseMgr
VolumeLicenseMgr,VolumeLicenseMgr
VolumeLicenseMgr,VolumeLicenseMgr
VolumeLicenseMgr,VolumeLicenseMgr
VolumeLicenseMgr,VolumeLicenseMgr
VolumeLicenseMgr,VolumeLicenseMgr
VolumeLicenseMgr,VolumeLicenseMgr
VolumeLicenseMgr,VolumeLicenseMgr
VolumeLicenseMgr,VolumeLicenseMgr
VolumeLicenseMgr,VolumeLicenseMgr
VolumeLicenseMgr,VolumeLicenseMgr
VolumeLicenseMgr,VolumeLicenseMgr
VolumeLicenseMgr,VolumeLicenseMgr
VolumeLicenseMgr,VolumeLicenseMgr
VolumeLicenseMgr,VolumeLicenseMgr
VolumeLicenseMgr,VolumeLicenseMgr
VolumeLicenseMgr,VolumeLicenseMgr
VolumeLicenseMgr,LabWindows_CVI
VolumeLicenseMgr,VolumeLicenseMgr
VolumeLicenseMgr,VolumeLicenseMgr
VolumeLicenseMgr,VolumeLicenseMgr
VolumeLicenseMgr,VolumeLicenseMgr
VolumeLicenseMgr,VolumeLicenseMgr
VolumeLicenseMgr,VolumeLicenseMgr
VolumeLicenseMgr,VolumeLicenseMgr
VolumeLicenseMgr,VolumeLicenseMgr
VolumeLicenseMgr,VolumeLicenseMgr
VolumeLicenseMgr,VolumeLicenseMgr
VolumeLicenseMgr,VolumeLicenseMgr
VolumeLicenseMgr,VolumeLicenseMgr
VolumeLicenseMgr,Multisim (EWB)
VolumeLicenseMgr,VolumeLicenseMgr
VolumeLicenseMgr,VolumeLicenseMgr
VolumeLicenseMgr,VolumeLicenseMgr
VolumeLicenseMgr,VolumeLicenseMgr
VolumeLicenseMgr,VolumeLicenseMgr
VolumeLicenseMgr,NI Update Service
VolumeLicenseMgr,VolumeLicenseMgr
VolumeLicenseMgr,VolumeLicenseMgr
VolumeLicenseMgr,VolumeLicenseMgr
VolumeLicenseMgr,VolumeLicenseMgr
VolumeLicenseMgr,Multisim (EWB)
VolumeLicenseMgr,VolumeLicenseMgr
VolumeLicenseMgr,VolumeLicenseMgr
VolumeLicenseMgr,VolumeLicenseMgr
VolumeLicenseMgr,VolumeLicenseMgr
VolumeLicenseMgr,VolumeLicenseMgr
VolumeLicenseMgr,VolumeLicenseMgr
VolumeLicenseMgr,VolumeLicenseMgr
VolumeLicenseMgr,Multisim (EWB)
VolumeLicenseMgr,VolumeLicenseMgr
VolumeLicenseMgr,VolumeLicenseMgr
VolumeLicenseMgr,VolumeLicenseMgr
VolumeLicenseMgr,VolumeLicenseMgr
VolumeLicenseMgr,VolumeLicenseMgr
VolumeLicenseMgr,VolumeLicenseMgr
VolumeLicenseMgr,VolumeLicenseMgr
VolumeLicenseMgr,MStudioDotNet
VolumeLicenseMgr,VolumeLicenseMgr
VolumeLicenseMgr,VolumeLicenseMgr
VolumeLicenseMgr,VolumeLicenseMgr
VolumeLicenseMgr,VolumeLicenseMgr
VolumeLicenseMgr,VolumeLicenseMgr
VolumeLicenseMgr,VolumeLicenseMgr
VolumeLicenseMgr,VolumeLicenseMgr
VolumeLicenseMgr,VolumeLicenseMgr
VolumeLicenseMgr,VolumeLicenseMgr
VolumeLicenseMgr,VolumeLicenseMgr
VolumeLicenseMgr,VolumeLicenseMgr
VolumeLicenseMgr,VolumeLicenseMgr
VolumeLicenseMgr,VolumeLicenseMgr
VolumeLicenseMgr,VolumeLicenseMgr
VolumeLicenseMgr,VolumeLicenseMgr
VolumeLicenseMgr,VolumeLicenseMgr
VolumeLicenseMgr,VolumeLicenseMgr
VolumeLicenseMgr,VolumeLicenseMgr
VolumeLicenseMgr,VolumeLicenseMgr
VolumeLicenseMgr,VolumeLicenseMgr
VolumeLicenseMgr,VolumeLicenseMgr
VolumeLicenseMgr,VolumeLicenseMgr
VolumeLicenseMgr,VolumeLicenseMgr
VolumeLicenseMgr,VolumeLicenseMgr
VolumeLicenseMgr,VolumeLicenseMgr
VolumeLicenseMgr,VolumeLicenseMgr
VolumeLicenseMgr,VolumeLicenseMgr
VolumeLicenseMgr,VolumeLicenseMgr
VolumeLicenseMgr,VolumeLicenseMgr
VolumeLicenseMgr,VolumeLicenseMgr
VolumeLicenseMgr,VolumeLicenseMgr
VolumeLicenseMgr,LVDSC
VolumeLicenseMgr,VolumeLicenseMgr
VolumeLicenseMgr,VolumeLicenseMgr
VolumeLicenseMgr,VolumeLicenseMgr
VolumeLicenseMgr,VolumeLicenseMgr
VolumeLicenseMgr,VolumeLicenseMgr
VolumeLicenseMgr,RIO
VolumeLicenseMgr,VolumeLicenseMgr
VolumeLicenseMgr,VolumeLicenseMgr
VolumeLicenseMgr,VolumeLicenseMgr
VolumeLicenseMgr,VolumeLicenseMgr
VolumeLicenseMgr,VolumeLicenseMgr
VolumeLicenseMgr,VolumeLicenseMgr
VolumeLicenseMgr,VolumeLicenseMgr
VolumeLicenseMgr,VolumeLicenseMgr
VolumeLicenseMgr,VolumeLicenseMgr
VolumeLicenseMgr,VolumeLicenseMgr
VolumeLicenseMgr,VolumeLicenseMgr
VolumeLicenseMgr,VolumeLicenseMgr
VolumeLicenseMgr,RIO
VolumeLicenseMgr,VolumeLicenseMgr
VolumeLicenseMgr,VolumeLicenseMgr
VolumeLicenseMgr,VolumeLicenseMgr
VolumeLicenseMgr,VolumeLicenseMgr
VolumeLicenseMgr,VolumeLicenseMgr
VolumeLicenseMgr,RIO
VolumeLicenseMgr,VolumeLicenseMgr
VolumeLicenseMgr,VolumeLicenseMgr
VolumeLicenseMgr,VolumeLicenseMgr
VolumeLicenseMgr,VolumeLicenseMgr
VolumeLicenseMgr,VolumeLicenseMgr
VolumeLicenseMgr,VolumeLicenseMgr
VolumeLicenseMgr,VolumeLicenseMgr
VolumeLicenseMgr,VolumeLicenseMgr
VolumeLicenseMgr,VolumeLicenseMgr
VolumeLicenseMgr,VolumeLicenseMgr
VolumeLicenseMgr,DIAdem
VolumeLicenseMgr,VolumeLicenseMgr
VolumeLicenseMgr,VolumeLicenseMgr
VolumeLicenseMgr,VolumeLicenseMgr
VolumeLicenseMgr,VolumeLicenseMgr
VolumeLicenseMgr,VolumeLicenseMgr
VolumeLicenseMgr,VolumeLicenseMgr
VolumeLicenseMgr,VolumeLicenseMgr
VolumeLicenseMgr,VolumeLicenseMgr
VolumeLicenseMgr,VolumeLicenseMgr
VolumeLicenseMgr,VolumeLicenseMgr
VolumeLicenseMgr,VolumeLicenseMgr
VolumeLicenseMgr,VolumeLicenseMgr
VolumeLicenseMgr,VolumeLicenseMgr
VolumeLicenseMgr,VolumeLicenseMgr
VolumeLicenseMgr,VolumeLicenseMgr
VolumeLicenseMgr,VolumeLicenseMgr
VolumeLicenseMgr,VolumeLicenseMgr
VolumeLicenseMgr,VolumeLicenseMgr
VolumeLicenseMgr,VolumeLicenseMgr
VolumeLicenseMgr,VolumeLicenseMgr
VolumeLicenseMgr,LVDSC
VolumeLicenseMgr,VolumeLicenseMgr
VolumeLicenseMgr,VolumeLicenseMgr
VolumeLicenseMgr,VolumeLicenseMgr
VolumeLicenseMgr,VolumeLicenseMgr
VolumeLicenseMgr,VolumeLicenseMgr
VolumeLicenseMgr,VolumeLicenseMgr
VolumeLicenseMgr,VolumeLicenseMgr
VolumeLicenseMgr,VolumeLicenseMgr
VolumeLicenseMgr,VolumeLicenseMgr
VolumeLicenseMgr,VolumeLicenseMgr
VolumeLicenseMgr,VolumeLicenseMgr
VolumeLicenseMgr,VolumeLicenseMgr
VolumeLicenseMgr,GPIB
VolumeLicenseMgr,VolumeLicenseMgr
VolumeLicenseMgr,VolumeLicenseMgr
VolumeLicenseMgr,VolumeLicenseMgr
VolumeLicenseMgr,VolumeLicenseMgr
VolumeLicenseMgr,VolumeLicenseMgr
VolumeLicenseMgr,VolumeLicenseMgr
VolumeLicenseMgr,VolumeLicenseMgr
VolumeLicenseMgr,VolumeLicenseMgr
VolumeLicenseMgr,VolumeLicenseMgr
VolumeLicenseMgr,VolumeLicenseMgr
VolumeLicenseMgr,VolumeLicenseMgr
VolumeLicenseMgr,"PXI Controllers, Chassis, MXI"
VolumeLicenseMgr,VolumeLicenseMgr
VolumeLicenseMgr,VolumeLicenseMgr
VolumeLicenseMgr,VolumeLicenseMgr
VolumeLicenseMgr,VolumeLicenseMgr
VolumeLicenseMgr,VolumeLicenseMgr
VolumeLicenseMgr,VolumeLicenseMgr
VolumeLicenseMgr,VolumeLicenseMgr
VolumeLicenseMgr,VolumeLicenseMgr
VolumeLicenseMgr,VolumeLicenseMgr
VolumeLicenseMgr,VolumeLicenseMgr
VolumeLicenseMgr,VolumeLicenseMgr
VolumeLicenseMgr,LVDSC
VolumeLicenseMgr,VolumeLicenseMgr
VolumeLicenseMgr,VolumeLicenseMgr
VolumeLicenseMgr,VolumeLicenseMgr
VolumeLicenseMgr,VolumeLicenseMgr
VolumeLicenseMgr,VolumeLicenseMgr
VolumeLicenseMgr,VolumeLicenseMgr
VolumeLicenseMgr,VolumeLicenseMgr
VolumeLicenseMgr,VolumeLicenseMgr
VolumeLicenseMgr,VolumeLicenseMgr
VolumeLicenseMgr,LabWindows_CVI
VolumeLicenseMgr,VolumeLicenseMgr
VolumeLicenseMgr,VolumeLicenseMgr
VolumeLicenseMgr,VolumeLicenseMgr
VolumeLicenseMgr,Multisim (EWB)
VolumeLicenseMgr,VolumeLicenseMgr
VolumeLicenseMgr,VolumeLicenseMgr
VolumeLicenseMgr,VolumeLicenseMgr
VolumeLicenseMgr,VolumeLicenseMgr
VolumeLicenseMgr,GPIB
VolumeLicenseMgr,VolumeLicenseMgr
VolumeLicenseMgr,VolumeLicenseMgr
VolumeLicenseMgr,VolumeLicenseMgr
VolumeLicenseMgr,VolumeLicenseMgr
VolumeLicenseMgr,VolumeLicenseMgr
VolumeLicenseMgr,VolumeLicenseMgr
VolumeLicenseMgr,VolumeLicenseMgr
VolumeLicenseMgr,VolumeLicenseMgr
VolumeLicenseMgr,VolumeLicenseMgr
VolumeLicenseMgr,VolumeLicenseMgr
VolumeLicenseMgr,VolumeLicenseMgr
VolumeLicenseMgr,VolumeLicenseMgr
VolumeLicenseMgr,VolumeLicenseMgr
VolumeLicenseMgr,CAN
VolumeLicenseMgr,VolumeLicenseMgr
VolumeLicenseMgr,VolumeLicenseMgr
VolumeLicenseMgr,VolumeLicenseMgr
VolumeLicenseMgr,VolumeLicenseMgr
VolumeLicenseMgr,VolumeLicenseMgr
VolumeLicenseMgr,VolumeLicenseMgr
VolumeLicenseMgr,VolumeLicenseMgr
VolumeLicenseMgr,VolumeLicenseMgr
VolumeLicenseMgr,VolumeLicenseMgr
VolumeLicenseMgr,VolumeLicenseMgr
VolumeLicenseMgr,VolumeLicenseMgr
VolumeLicenseMgr,VolumeLicenseMgr
VolumeLicenseMgr,VolumeLicenseMgr
VolumeLicenseMgr,MStudioDotNet
VolumeLicenseMgr,VolumeLicenseMgr
VolumeLicenseMgr,VolumeLicenseMgr
VolumeLicenseMgr,VolumeLicenseMgr
VolumeLicenseMgr,VolumeLicenseMgr
VolumeLicenseMgr,VolumeLicenseMgr
VolumeLicenseMgr,VolumeLicenseMgr
VolumeLicenseMgr,VolumeLicenseMgr
VolumeLicenseMgr,VolumeLicenseMgr
VolumeLicenseMgr,VolumeLicenseMgr
VolumeLicenseMgr,VolumeLicenseMgr
VolumeLicenseMgr,VolumeLicenseMgr
VolumeLicenseMgr,VolumeLicenseMgr
VolumeLicenseMgr,VolumeLicenseMgr
VolumeLicenseMgr,VolumeLicenseMgr
VolumeLicenseMgr,VolumeLicenseMgr
VolumeLicenseMgr,VolumeLicenseMgr
VolumeLicenseMgr,VolumeLicenseMgr
VolumeLicenseMgr,VolumeLicenseMgr
VolumeLicenseMgr,VolumeLicenseMgr
VolumeLicenseMgr,NI Update Service
VolumeLicenseMgr,LVDSC
VolumeLicenseMgr,VolumeLicenseMgr
VolumeLicenseMgr,VolumeLicenseMgr
VolumeLicenseMgr,VolumeLicenseMgr
VolumeLicenseMgr,VolumeLicenseMgr
VolumeLicenseMgr,VolumeLicenseMgr
VolumeLicenseMgr,VolumeLicenseMgr
VolumeLicenseMgr,VolumeLicenseMgr
VolumeLicenseMgr,VolumeLicenseMgr
VolumeLicenseMgr,VolumeLicenseMgr
VolumeLicenseMgr,VolumeLicenseMgr
VolumeLicenseMgr,VolumeLicenseMgr
VolumeLicenseMgr,VolumeLicenseMgr
VolumeLicenseMgr,VolumeLicenseMgr
VolumeLicenseMgr,VolumeLicenseMgr
VolumeLicenseMgr,VolumeLicenseMgr
VolumeLicenseMgr,VolumeLicenseMgr
VolumeLicenseMgr,VolumeLicenseMgr
VolumeLicenseMgr,VolumeLicenseMgr
VolumeLicenseMgr,VolumeLicenseMgr
VolumeLicenseMgr,IMAQ
VolumeLicenseMgr,VolumeLicenseMgr
VolumeLicenseMgr,VolumeLicenseMgr
VolumeLicenseMgr,VolumeLicenseMgr
VolumeLicenseMgr,VolumeLicenseMgr
VolumeLicenseMgr,VolumeLicenseMgr
VolumeLicenseMgr,VolumeLicenseMgr
VolumeLicenseMgr,VolumeLicenseMgr
VolumeLicenseMgr,VolumeLicenseMgr
VolumeLicenseMgr,VolumeLicenseMgr
VolumeLicenseMgr,VolumeLicenseMgr
VolumeLicenseMgr,VolumeLicenseMgr
VXI_MXI,GPIB
VXI_MXI,LabWindows_CVI
VXI_MXI,VeriStand
WSN,WSN
WSN,GPIB
WSN,RIO
WSN,WSN
